ID,Timing,A_Temp,Real_Avg,Amplitude,Duration,Replicate,Bath,Day,Date,Sex,Infection,Spores,Exposed,Include,Notes,Change
1,-10,14,14.36,3,3,1,A,28,02-May,Female,1,379,379,Yes,,
2,-10,14,14.36,3,3,2,A,28,02-May,Female,1,17,17,Yes,,
3,-10,14,14.36,3,3,3,A,28,02-May,Female,1,34,34,Yes,,
4,-10,14,14.36,3,3,4,A,28,02-May,Female,1,443,443,Yes,,
5,-10,14,14.36,3,3,5,A,28,02-May,Female,1,85,85,Yes,,
6,-10,14,14.36,3,6,1,A,28,02-May,Female,1,303,303,Yes,,
7,-10,14,14.36,3,6,2,A,28,02-May,Female,1,316,316,Yes,,
8,-10,14,14.36,3,6,3,A,28,02-May,Female,1,422,422,Yes,,
9,-10,14,14.36,3,6,4,A,28,02-May,Female,1,118,118,Yes,,
10,-10,14,14.36,3,6,5,A,28,02-May,Female,1,284,284,Yes,,
11,-10,14,14.36,6,3,1,A,28,02-May,Female,1,148,148,Yes,,
12,-10,14,14.36,6,3,2,A,28,02-May,Female,1,699,699,Yes,Not in gut - hard to count,
13,-10,14,14.36,6,3,3,A,28,02-May,Female,1,141,141,Yes,,
14,-10,14,14.36,6,3,4,A,28,02-May,Female,1,453,453,Yes,,
15,-10,14,14.36,6,3,5,A,28,02-May,Female,1,5,5,Yes,,
16,-10,14,14.36,6,6,1,A,-8,27-Mar,NA,NA,,,No ,Nothing in jar (pre-infection),
17,-10,14,14.36,6,6,2,A,28,02-May,Female,1,201,201,Yes,,
18,-10,14,14.36,6,6,3,A,28,02-May,Female,1,466,466,Yes,,
19,-10,14,14.36,6,6,4,A,28,02-May,Female,1,122,122,Yes,Some gut still in body,More spores present but input as full number not with a n+
20,-10,14,14.36,6,6,5,A,28,02-May,Female,1,182,182,Yes,,
21,C,14,14.36,0,0,1,A,28,02-May,Female,1,238,238,Yes,,
22,C,14,14.36,0,0,2,A,28,02-May,Female,1,52,52,Yes,,
23,0,14,14.36,3,3,1,A,29,03-May,Female,1,83,83,Yes,,
24,0,14,14.36,3,3,2,A,29,03-May,Female,1,556,556,Yes,,
25,0,14,14.36,3,3,3,A,29,03-May,Female,1,638,638,Yes,,
26,0,14,14.36,3,3,4,A,29,03-May,Female,1,151,151,Yes,,
27,0,14,14.36,3,3,5,A,29,03-May,Female,1,41,41,Yes,,
28,0,14,14.36,3,6,1,A,29,03-May,Female,1,229,229,Yes,,
29,0,14,14.36,3,6,2,A,29,03-May,Female,1,366,366,Yes,,
30,0,14,14.36,3,6,3,A,29,03-May,Female,1,679,679,Yes,,
31,0,14,14.36,3,6,4,A,29,03-May,Female,1,312,312,Yes,,
32,0,14,14.36,3,6,5,A,29,03-May,Female,1,341,341,Yes,,
33,0,14,14.36,6,3,1,A,29,03-May,Female,1,227,227,Yes,,
34,0,14,14.36,6,3,2,A,29,03-May,Female,1,401,401,Yes,,
35,0,14,14.36,6,3,3,A,29,03-May,Female,1,301,301,Yes,,
36,0,14,14.36,6,3,4,A,29,03-May,Female,1,173,173,Yes,,
37,0,14,14.36,6,3,5,A,29,03-May,Female,1,322,322,Yes,,
38,0,14,14.36,6,6,1,A,29,03-May,Female,1,590,590,Yes,,
39,0,14,14.36,6,6,2,A,29,03-May,Female,1,362,362,Yes,,
40,0,14,14.36,6,6,3,A,29,03-May,Female,1,171,171,Yes,,
41,0,14,14.36,6,6,4,A,29,03-May,Female,1,322,322,Yes,,
42,0,14,14.36,6,6,5,A,29,03-May,Female,1,458,458,Yes,,
43,C,14,14.36,0,0,1,A,29,03-May,Female,1,379,379,Yes,,
44,C,14,14.36,0,0,2,A,29,03-May,Female,1,495,495,Yes,,
45,10,14,14.36,3,3,1,A,28,02-May,Female,1,46,46,Yes,,
46,10,14,14.36,3,3,2,A,28,02-May,Female,1,201,201,Yes,,
47,10,14,14.36,3,3,3,A,28,02-May,Female,1,197,197,Yes,,
48,10,14,14.36,3,3,4,A,28,02-May,Female,1,35,35,Yes,,
49,10,14,14.36,3,3,5,A,28,02-May,Female,1,295,295,Yes,,
50,10,14,14.36,3,6,1,A,28,02-May,Female,1,158,158,Yes,,
51,10,14,14.36,3,6,2,A,28,02-May,Female,1,139,139,Yes,Lobes unknown,More spores present but input as full number not with a n+
52,10,14,14.36,3,6,3,A,28,02-May,Female,1,38,38,Yes,,
53,10,14,14.36,3,6,4,A,28,02-May,Female,1,109,109,Yes,,
54,10,14,14.36,3,6,5,A,28,02-May,Female,1,124,124,Yes,,
55,10,14,14.36,6,3,1,A,28,02-May,Female,1,223,223,Yes,,
56,10,14,14.36,6,3,2,A,28,02-May,Female,1,191,191,Yes,,
57,10,14,14.36,6,3,3,A,28,02-May,Female,1,202,202,Yes,,
58,10,14,14.36,6,3,4,A,28,02-May,Female,1,243,243,Yes,,
59,10,14,14.36,6,3,5,A,28,02-May,Female,1,123,123,Yes,,
60,10,14,14.36,6,6,1,A,28,02-May,Female,1,96,96,Yes,,
61,10,14,14.36,6,6,2,A,28,02-May,Female,1,983,983,Yes,,
62,10,14,14.36,6,6,3,A,28,02-May,Female,1,112,112,Yes,,
63,10,14,14.36,6,6,4,A,28,02-May,Female,1,225,225,Yes,,
64,10,14,14.36,6,6,5,A,28,02-May,Female,1,467,467,Yes,,
65,C,14,14.36,0,0,1,A,28,02-May,Female,1,261,261,Yes,,
66,C,14,14.36,0,0,2,A,28,02-May,Female,1,234,234,Yes,,
67,20,14,14.36,3,3,1,A,29,03-May,Female,1,64,64,Yes,,
68,20,14,14.36,3,3,2,A,29,03-May,Female,1,380,380,Yes,,
69,20,14,14.36,3,3,3,A,29,03-May,Female,1,132,132,Yes,,
70,20,14,14.36,3,3,4,A,29,03-May,Female,1,126,126,Yes,,
71,20,14,14.36,3,3,5,A,29,03-May,Female,1,45,45,Yes,,
72,20,14,14.36,3,6,1,A,29,03-May,Female,1,524,524,Yes,,
73,20,14,14.36,3,6,2,A,29,03-May,Female,1,373,373,Yes,,
74,20,14,14.36,3,6,3,A,29,03-May,Female,1,190,190,Yes,,
75,20,14,14.36,3,6,4,A,29,03-May,Female,1,406,406,Yes,,
76,20,14,14.36,3,6,5,A,29,03-May,Female,1,91,91,Yes,,
77,20,14,14.36,6,3,1,A,29,03-May,Female,1,49,49,Yes,,
78,20,14,14.36,6,3,2,A,29,03-May,Female,1,371,371,Yes,,
79,20,14,14.36,6,3,3,A,29,03-May,Female,1,303,303,Yes,,
80,20,14,14.36,6,3,4,A,29,03-May,Female,1,601,601,Yes,,
81,20,14,14.36,6,3,5,A,29,03-May,Female,1,73,73,Yes,,
82,20,14,14.36,6,6,1,A,29,03-May,Female,1,89,89,Yes,,
83,20,14,14.36,6,6,2,A,29,03-May,Female,1,1434,1434,Yes,,
84,20,14,14.36,6,6,3,A,29,03-May,Female,1,8,8,Yes,,
85,20,14,14.36,6,6,4,A,29,03-May,Female,1,561,561,Yes,,
86,20,14,14.36,6,6,5,A,29,03-May,Female,1,871,871,Yes,,
87,C,14,14.36,0,0,1,A,29,03-May,Female,1,51,51,Yes,,
88,C,14,14.36,0,0,2,A,29,03-May,Female,1,69,69,Yes,,
89,-10,14,14.04,3,3,6,B,30,04-May,Female,1,56,56,Yes,,
90,-10,14,14.04,3,3,7,B,30,04-May,Female,1,104,104,Yes,,
91,-10,14,14.04,3,3,8,B,30,04-May,Female,1,5,5,Yes,,
92,-10,14,14.04,3,3,9,B,30,04-May,Female,1,20,20,Yes,,
93,-10,14,14.04,3,3,10,B,30,04-May,Female,1,29,29,Yes,,
94,-10,14,14.04,3,6,6,B,30,04-May,Female,1,64,64,Yes,,
95,-10,14,14.04,3,6,7,B,30,04-May,Female,1,142,142,Yes,,
96,-10,14,14.04,3,6,8,B,30,04-May,Female,0,,0,Yes,,
97,-10,14,14.04,3,6,9,B,30,04-May,Female,1,94,94,Yes,,
98,-10,14,14.04,3,6,10,B,30,04-May,Female,1,284,284,Yes,,
99,-10,14,14.04,6,3,6,B,30,04-May,Female,0,,0,Yes,,
100,-10,14,14.04,6,3,7,B,30,04-May,Female,1,107,107,Yes,,
101,-10,14,14.04,6,3,8,B,30,04-May,Female,1,253,253,Yes,,
102,-10,14,14.04,6,3,9,B,30,04-May,Female,1,40,40,Yes,,
103,-10,14,14.04,6,3,10,B,30,04-May,Female,1,38,38,Yes,,
104,-10,14,14.04,6,6,6,B,30,04-May,Female,1,248,248,Yes,,
105,-10,14,14.04,6,6,7,B,30,04-May,Female,1,200,200,Yes,,
106,-10,14,14.04,6,6,8,B,30,04-May,Female,1,417,417,Yes,,
107,-10,14,14.04,6,6,9,B,30,04-May,Female,1,165,165,Yes,,
108,-10,14,14.04,6,6,10,B,30,04-May,Female,1,121,121,Yes,,
109,C,14,14.04,0,0,3,B,30,04-May,Female,1,13,13,Yes,,
110,C,14,14.04,0,0,4,B,30,04-May,Female,1,11,11,Yes,,
111,0,14,14.04,3,3,6,B,32,06-May,Female,1,95,95,Yes,,
112,0,14,14.04,3,3,7,B,32,06-May,Female,1,244,244,Yes,,
113,0,14,14.04,3,3,8,B,32,06-May,Female,1,57,57,Yes,,
114,0,14,14.04,3,3,9,B,32,06-May,Female,1,75,75,Yes,,
115,0,14,14.04,3,3,10,B,32,06-May,Female,1,25,25,Yes,,
116,0,14,14.04,3,6,6,B,32,06-May,Female,1,203,203,Yes,,
117,0,14,14.04,3,6,7,B,32,06-May,Female,1,78,78,Yes,,
118,0,14,14.04,3,6,8,B,32,06-May,Female,1,784,784,Yes,,
119,0,14,14.04,3,6,9,B,32,06-May,Female,1,76,76,Yes,,
120,0,14,14.04,3,6,10,B,32,06-May,Female,1,447,447,Yes,,
121,0,14,14.04,6,3,6,B,32,06-May,Female,1,138,138,Yes,,
122,0,14,14.04,6,3,7,B,32,06-May,Female,1,275,275,Yes,,
123,0,14,14.04,6,3,8,B,32,06-May,Female,1,30,30,Yes,,
124,0,14,14.04,6,3,9,B,32,06-May,Female,1,514,514,Yes,,
125,0,14,14.04,6,3,10,B,28,02-May,Female,1,174,174,Yes,Natural death,
126,0,14,14.04,6,6,6,B,-5,30-Mar,Female,NA,,,No ,Unnatural death (pre-infection),
127,0,14,14.04,6,6,7,B,-5,30-Mar,Female,NA,,,No ,Unnatural death (pre-infection),
128,0,14,14.04,6,6,8,B,-5,30-Mar,Female,NA,,,No ,Unnatural death (pre-infection),
129,0,14,14.04,6,6,9,B,-5,30-Mar,Female,NA,,,No ,Unnatural death (pre-infection),
130,0,14,14.04,6,6,10,B,-5,30-Mar,Female,NA,,,No ,Unnatural death (pre-infection),
131,C,14,14.04,0,0,3,B,32,06-May,Female,1,809,809,Yes,,
132,C,14,14.04,0,0,4,B,32,06-May,Female,1,312,312,Yes,,
133,10,14,14.04,3,3,6,B,0,04-Apr,Female,NA,,,No ,Unnatural death (pre-infection),
134,10,14,14.04,3,3,7,B,32,06-May,Female,1,198,198,Yes,,
135,10,14,14.04,3,3,8,B,32,06-May,Female,1,81,81,Yes,,
136,10,14,14.04,3,3,9,B,32,06-May,Female,1,33,33,Yes,,
137,10,14,14.04,3,3,10,B,32,06-May,Female,1,59,59,Yes,,
138,10,14,14.04,3,6,6,B,32,06-May,Female,1,150,150,Yes,,
139,10,14,14.04,3,6,7,B,30,04-May,Female,1,411,411,Yes,Natural death,
140,10,14,14.04,3,6,8,B,32,06-May,Female,1,473,473,Yes,,
141,10,14,14.04,3,6,9,B,24,28-Apr,Female,1,50,50,Yes,Natural death,
142,10,14,14.04,3,6,10,B,32,06-May,Female,1,31,31,Yes,,
143,10,14,14.04,6,3,6,B,32,06-May,Female,1,62,62,Yes,,
144,10,14,14.04,6,3,7,B,32,06-May,Female,1,21,21,Yes,,
145,10,14,14.04,6,3,8,B,32,06-May,Female,1,238,238,Yes,,
146,10,14,14.04,6,3,9,B,32,06-May,Female,1,52,52,Yes,,
147,10,14,14.04,6,3,10,B,32,06-May,Female,1,248,248,Yes,,
148,10,14,14.04,6,6,6,B,32,06-May,Female,1,27,27,Yes,,
149,10,14,14.04,6,6,7,B,32,06-May,Female,1,309,309,Yes,,
150,10,14,14.04,6,6,8,B,32,06-May,Female,1,239,239,Yes,,
151,10,14,14.04,6,6,9,B,32,06-May,Female,1,260,260,Yes,,
152,10,14,14.04,6,6,10,B,32,06-May,Female,1,323,323,Yes,,
153,C,14,14.04,0,0,3,B,32,06-May,Female,1,632,632,Yes,,
154,C,14,14.04,0,0,4,B,32,06-May,Female,1,11,11,Yes,,
155,20,14,14.04,3,3,6,B,30,04-May,Female,1,3,3,Yes,,
156,20,14,14.04,3,3,7,B,30,04-May,Female,1,113,113,Yes,,
157,20,14,14.04,3,3,8,B,30,04-May,Female,1,205,205,Yes,,
158,20,14,14.04,3,3,9,B,30,04-May,Female,1,12,12,Yes,,
159,20,14,14.04,3,3,10,B,30,04-May,Female,1,648,648,Yes,,
160,20,14,14.04,3,6,6,B,30,04-May,Female,1,87,87,Yes,,
161,20,14,14.04,3,6,7,B,30,04-May,Female,1,22,22,Yes,,
162,20,14,14.04,3,6,8,B,30,04-May,Female,1,463,463,Yes,,
163,20,14,14.04,3,6,9,B,30,04-May,Female,1,144,144,Yes,,
164,20,14,14.04,3,6,10,B,30,04-May,Female,1,307,307,Yes,,
165,20,14,14.04,6,3,6,B,30,04-May,Female,1,202,202,Yes,,
166,20,14,14.04,6,3,7,B,30,04-May,Female,1,5,5,Yes,,
167,20,14,14.04,6,3,8,B,30,04-May,Female,1,169,169,Yes,,
168,20,14,14.04,6,3,9,B,30,04-May,Female,1,27,27,Yes,,
169,20,14,14.04,6,3,10,B,30,04-May,Female,1,211,211,Yes,,
170,20,14,14.04,6,6,6,B,30,04-May,Female,1,170,170,Yes,,
171,20,14,14.04,6,6,7,B,30,04-May,Female,1,388,388,Yes,,
172,20,14,14.04,6,6,8,B,30,04-May,Female,1,310,310,Yes,,
173,20,14,14.04,6,6,9,B,30,04-May,Female,1,354,354,Yes,,
174,20,14,14.04,6,6,10,B,4,08-Apr,Female,0,,0,No ,Unnatural death ,
175,C,14,14.04,0,0,3,B,30,04-May,Female,1,73,73,Yes,,
176,C,14,14.04,0,0,4,B,30,04-May,Female,1,42,42,Yes,,
177,-10,14,14.05,3,3,11,C,16,20-Apr,NA,NA,,,No ,Nothing in jar,
178,-10,14,14.05,3,3,12,C,34,08-May,Female,1,13,13,Yes,,
179,-10,14,14.05,3,3,13,C,34,08-May,Female,1,62,62,Yes,,
180,-10,14,14.05,3,3,14,C,34,08-May,Female,1,104,104,Yes,,
181,-10,14,14.05,3,3,15,C,34,08-May,Female,1,90,90,Yes,,
182,-10,14,14.05,3,6,11,C,34,08-May,Female,1,10,10,Yes,,
183,-10,14,14.05,3,6,12,C,34,08-May,Female,1,13,13,Yes,,
184,-10,14,14.05,3,6,13,C,34,08-May,Female,1,85,85,Yes,,
185,-10,14,14.05,3,6,14,C,34,08-May,Female,1,101,101,Yes,,
186,-10,14,14.05,3,6,15,C,34,08-May,Female,1,495,495,Yes,,
187,-10,14,14.05,6,3,11,C,34,08-May,Female,1,,,Yes,Can't find rest of gut ,Had 19 spores but didn't seem accurate so removed burden
188,-10,14,14.05,6,3,12,C,16,20-Apr,NA,NA,,,No ,Nothing in jar,
189,-10,14,14.05,6,3,13,C,34,08-May,Female,1,2,2,Yes,,
190,-10,14,14.05,6,3,14,C,16,20-Apr,NA,NA,,,No ,Nothing in jar,
191,-10,14,14.05,6,3,15,C,34,08-May,Female,1,112,112,Yes,,
192,-10,14,14.05,6,6,11,C,34,08-May,Female,1,42,42,Yes,Gut cut open - could be more spores,
193,-10,14,14.05,6,6,12,C,34,08-May,Female,1,170,170,Yes,,
194,-10,14,14.05,6,6,13,C,34,08-May,Female,1,308,308,Yes,,
195,-10,14,14.05,6,6,14,C,16,20-Apr,NA,NA,,,No ,Nothing in jar,
196,-10,14,14.05,6,6,15,C,16,20-Apr,NA,NA,,,No ,Nothing in jar,
197,C,14,14.05,0,0,5,C,34,08-May,Female,1,31,31,Yes,,
198,C,14,14.05,0,0,6,C,34,08-May,Female,1,102,102,Yes,,
199,0,14,14.05,3,3,11,C,34,08-May,Female,1,34,34,Yes,,
200,0,14,14.05,3,3,12,C,11,15-Apr,NA,NA,,,No ,Nothing in jar,
201,0,14,14.05,3,3,13,C,34,08-May,Female,1,11,11,Yes,,
202,0,14,14.05,3,3,14,C,34,08-May,Female,NA,,,No,Two coverslips - hard to tell,
203,0,14,14.05,3,3,15,C,34,08-May,Female,1,47,47,Yes,,
204,0,14,14.05,3,6,11,C,34,08-May,Female,1,335,335,Yes,,
205,0,14,14.05,3,6,12,C,34,08-May,Female,1,295,295,Yes,,
206,0,14,14.05,3,6,13,C,34,08-May,Female,1,219,219,Yes,,
207,0,14,14.05,3,6,14,C,34,08-May,Female,1,478,478,Yes,,
208,0,14,14.05,3,6,15,C,34,08-May,Female,1,1577,1577,Yes,,
209,0,14,14.05,6,3,11,C,34,08-May,Female,1,339,339,Yes,,
210,0,14,14.05,6,3,12,C,-5,30-Mar,NA,0,,0,No ,Natural death (pre-infection),
211,0,14,14.05,6,3,13,C,34,08-May,Female,1,212,212,Yes,,
212,0,14,14.05,6,3,14,C,34,08-May,Female,1,6,6,Yes,Natural death,
213,0,14,14.05,6,3,15,C,34,08-May,Female,1,165,165,Yes,,
214,0,14,14.05,6,6,11,C,34,08-May,Female,1,682,682,Yes,,
215,0,14,14.05,6,6,12,C,34,08-May,Female,1,95,95,Yes,,
216,0,14,14.05,6,6,13,C,34,08-May,Female,1,636,636,Yes,,
217,0,14,14.05,6,6,14,C,34,08-May,Female,1,988,988,Yes,,
218,0,14,14.05,6,6,15,C,34,08-May,Female,1,417,417,Yes,,
219,C,14,14.05,0,0,5,C,34,08-May,Female,1,114,114,Yes,,
220,C,14,14.05,0,0,6,C,34,08-May,Female,0,,0,Yes,,
221,10,14,14.05,3,3,11,C,33,07-May,Female,1,165,165,Yes,,
222,10,14,14.05,3,3,12,C,33,07-May,Female,1,16,16,Yes,,
223,10,14,14.05,3,3,13,C,33,07-May,Female,1,117,117,Yes,,
224,10,14,14.05,3,3,14,C,33,07-May,Female,0,,0,Yes,,
225,10,14,14.05,3,3,15,C,33,07-May,Female,1,21,21,Yes,,
226,10,14,14.05,3,6,11,C,33,07-May,Female,1,334,334,Yes,,
227,10,14,14.05,3,6,12,C,33,07-May,Female,1,22,22,Yes,,
228,10,14,14.05,3,6,13,C,33,07-May,Female,1,34,34,Yes,,
229,10,14,14.05,3,6,14,C,33,07-May,Female,1,279,279,Yes,,
230,10,14,14.05,3,6,15,C,33,07-May,Female,1,434,434,Yes,,
231,10,14,14.05,6,3,11,C,33,07-May,Female,1,118,118,Yes,,
232,10,14,14.05,6,3,12,C,33,07-May,Female,1,31,31,Yes,,
233,10,14,14.05,6,3,13,C,33,07-May,Female,1,53,53,Yes,,
234,10,14,14.05,6,3,14,C,33,07-May,Female,1,49,49,Yes,,
235,10,14,14.05,6,3,15,C,33,07-May,Female,1,283,283,Yes,,
236,10,14,14.05,6,6,11,C,33,07-May,Female,0,,0,Yes,,
237,10,14,14.05,6,6,12,C,33,07-May,Female,1,381,381,Yes,,
238,10,14,14.05,6,6,13,C,33,07-May,Female,1,285,285,Yes,,
239,10,14,14.05,6,6,14,C,33,07-May,Female,1,486,486,Yes,,
240,10,14,14.05,6,6,15,C,33,07-May,Female,1,94,94,Yes,,
241,C,14,14.05,0,0,5,C,29,03-May,Female,0,,0,Yes,Natural death,
242,C,14,14.05,0,0,6,C,33,07-May,NA,NA,,,No ,Nothing in jar,
243,20,14,14.05,3,3,11,C,33,07-May,Female,1,13,13,Yes,,
244,20,14,14.05,3,3,12,C,33,07-May,Female,1,67,67,Yes,,
245,20,14,14.05,3,3,13,C,33,07-May,Female,1,23,23,Yes,,
246,20,14,14.05,3,3,14,C,33,07-May,Female,1,12,12,Yes,,
247,20,14,14.05,3,3,15,C,33,07-May,Female,1,148,148,Yes,,
248,20,14,14.05,3,6,11,C,33,07-May,Female,1,81,81,Yes,,
249,20,14,14.05,3,6,12,C,33,07-May,Female,1,405,405,Yes,,
250,20,14,14.05,3,6,13,C,33,07-May,Female,1,89,89,Yes,,
251,20,14,14.05,3,6,14,C,33,07-May,Female,1,328,328,Yes,,
252,20,14,14.05,3,6,15,C,33,07-May,Female,1,278,278,Yes,,
253,20,14,14.05,6,3,11,C,33,07-May,Female,1,45,45,Yes,,
254,20,14,14.05,6,3,12,C,33,07-May,Female,0,,0,Yes,,
255,20,14,14.05,6,3,13,C,33,07-May,Female,1,69,69,Yes,,
256,20,14,14.05,6,3,14,C,33,07-May,Female,0,,0,Yes,,
257,20,14,14.05,6,3,15,C,29,03-May,Female,1,43,43,Yes,Natural death,
258,20,14,14.05,6,6,11,C,33,07-May,Female,1,119,119,Yes,,
259,20,14,14.05,6,6,12,C,33,07-May,Female,1,32,32,Yes,,
260,20,14,14.05,6,6,13,C,33,07-May,Female,1,179,179,Yes,,
261,20,14,14.05,6,6,14,C,33,07-May,Female,1,206,206,Yes,,
262,20,14,14.05,6,6,15,C,33,07-May,Female,1,36,36,Yes,,
263,C,14,14.05,0,0,5,C,24,28-Apr,NA,NA,,,No ,Nothing in jar,
264,C,14,14.05,0,0,6,C,33,07-May,Female,1,8,8,Yes,,
265,-10,17,16.98,3,3,1,A,29,03-May,Female,1,789,789,Yes,,
266,-10,17,16.98,3,3,2,A,29,03-May,Female,1,604,604,Yes,,
267,-10,17,16.98,3,3,3,A,29,03-May,Female,1,487,487,Yes,,
268,-10,17,16.98,3,3,4,A,29,03-May,Female,1,,,Yes,Couldn't find the lobes,Had 43 spores but didn't seem accurate so removed burden
269,-10,17,16.98,3,3,5,A,29,03-May,Female,1,586,586,Yes,,
270,-10,17,16.98,3,6,1,A,-8,27-Mar,Female,NA,,,No ,Unnatural death (pre-infection),
271,-10,17,16.98,3,6,2,A,29,03-May,Female,1,846,846,Yes,,
272,-10,17,16.98,3,6,3,A,29,03-May,Female,1,779,779,Yes,,
273,-10,17,16.98,3,6,4,A,-1,03-Apr,Female,NA,,,No ,Unnatural death (pre-infection),
274,-10,17,16.98,3,6,5,A,29,03-May,Female,1,278,278,Yes,,
275,-10,17,16.98,6,3,1,A,29,03-May,Female,1,441,441,Yes,,
276,-10,17,16.98,6,3,2,A,29,03-May,Female,1,71,71,Yes,Not sure if second lobe has been counted ,More spores present but input as full number not with a n+
277,-10,17,16.98,6,3,3,A,29,03-May,Female,1,1481,1481,Yes,,
278,-10,17,16.98,6,3,4,A,29,03-May,Female,1,350,350,Yes,,
279,-10,17,16.98,6,3,5,A,29,03-May,Female,1,853,853,Yes,,
280,-10,17,16.98,6,6,1,A,29,03-May,Female,1,761,761,Yes,,
281,-10,17,16.98,6,6,2,A,29,03-May,Female,1,790,790,Yes,,
282,-10,17,16.98,6,6,3,A,29,03-May,Female,1,226,226,Yes,,
283,-10,17,16.98,6,6,4,A,29,03-May,Female,1,1250,1250,Yes,,
284,-10,17,16.98,6,6,5,A,29,03-May,Female,1,1588,1588,Yes,,
285,C,17,16.98,0,0,1,A,29,03-May,Female,1,1180,1180,Yes,,
286,C,17,16.98,0,0,2,A,29,03-May,Female,1,377,377,Yes,,
287,0,17,16.98,3,3,1,A,29,03-May,Female,1,1471,1471,Yes,,
288,0,17,16.98,3,3,2,A,29,03-May,Female,1,896,896,Yes,,
289,0,17,16.98,3,3,3,A,29,03-May,Female,1,1206,1206,Yes,,
290,0,17,16.98,3,3,4,A,29,03-May,Female,1,391,391,Yes,,
291,0,17,16.98,3,3,5,A,29,03-May,Female,1,723,723,Yes,,
292,0,17,16.98,3,6,1,A,29,03-May,Female,1,1860,1860,Yes,,
293,0,17,16.98,3,6,2,A,29,03-May,Female,1,756,756,Yes,,
294,0,17,16.98,3,6,3,A,29,03-May,Female,1,1447,1447,Yes,,
295,0,17,16.98,3,6,4,A,29,03-May,Female,1,1276,1276,Yes,,
296,0,17,16.98,3,6,5,A,29,03-May,Female,1,2155,2155,Yes,,
297,0,17,16.98,6,3,1,A,29,03-May,Female,1,1025,1025,Yes,,
298,0,17,16.98,6,3,2,A,29,03-May,Female,1,1029,1029,Yes,,
299,0,17,16.98,6,3,3,A,29,03-May,Female,1,1494,1494,Yes,,
300,0,17,16.98,6,3,4,A,29,03-May,Female,1,944,944,Yes,,
301,0,17,16.98,6,3,5,A,29,03-May,Female,1,1453,1453,Yes,,
302,0,17,16.98,6,6,1,A,29,03-May,Female,1,907,907,Yes,,
303,0,17,16.98,6,6,2,A,29,03-May,Female,1,1124,1124,Yes,,
304,0,17,16.98,6,6,3,A,29,03-May,Female,1,518,518,Yes,,
305,0,17,16.98,6,6,4,A,29,03-May,Female,1,397,397,Yes,,
306,0,17,16.98,6,6,5,A,29,03-May,Female,1,1370,1370,Yes,,
307,C,17,16.98,0,0,1,A,29,03-May,Female,1,979,979,Yes,,
308,C,17,16.98,0,0,2,A,6,10-Apr,Female,0,,0,No ,Natural death,
309,10,17,16.98,3,3,1,A,30,04-May,Female,1,1086,1086,Yes,,
310,10,17,16.98,3,3,2,A,30,04-May,Female,1,973,973,Yes,,
311,10,17,16.98,3,3,3,A,30,04-May,Female,1,1339,1339,Yes,,
312,10,17,16.98,3,3,4,A,30,04-May,Female,1,1377,1377,Yes,,
313,10,17,16.98,3,3,5,A,30,04-May,Female,1,1826,1826,Yes,,
314,10,17,16.98,3,6,1,A,30,04-May,Female,1,606,606,Yes,,
315,10,17,16.98,3,6,2,A,29,03-May,Female,1,159,159,Yes,Natural death,
316,10,17,16.98,3,6,3,A,31,05-May,Female,1,1025,1025,Yes,,
317,10,17,16.98,3,6,4,A,31,05-May,Female,1,364,364,Yes,,
318,10,17,16.98,3,6,5,A,31,05-May,Female,1,930,930,Yes,,
319,10,17,16.98,6,3,1,A,31,05-May,Female,1,1417,1417,Yes,,
320,10,17,16.98,6,3,2,A,31,05-May,Female,1,1352,1352,Yes,,
321,10,17,16.98,6,3,3,A,31,05-May,Female,1,1459,1459,Yes,,
322,10,17,16.98,6,3,4,A,31,05-May,Female,1,1212,1212,Yes,,
323,10,17,16.98,6,3,5,A,31,05-May,Female,1,1476,1476,Yes,,
324,10,17,16.98,6,6,1,A,31,05-May,Female,0,,0,Yes,,
325,10,17,16.98,6,6,2,A,31,05-May,Female,1,1168,1168,Yes,,
326,10,17,16.98,6,6,3,A,31,05-May,Female,1,780,780,Yes,,
327,10,17,16.98,6,6,4,A,31,05-May,Female,1,465,465,Yes,,
328,10,17,16.98,6,6,5,A,31,05-May,Female,1,60,60,Yes,,
329,C,17,16.98,0,0,1,A,31,05-May,Female,1,672,672,Yes,,
330,C,17,16.98,0,0,2,A,31,05-May,Female,1,32,32,Yes,,
331,20,17,16.98,3,3,1,A,31,05-May,Female,1,1150,1150,Yes,Natural death,
332,20,17,16.98,3,3,2,A,32,06-May,Female,1,452,452,Yes,,
333,20,17,16.98,3,3,3,A,32,06-May,Female,1,1116,1116,Yes,,
334,20,17,16.98,3,3,4,A,32,06-May,Female,1,541,541,Yes,,
335,20,17,16.98,3,3,5,A,32,06-May,Female,1,689,689,Yes,,
336,20,17,16.98,3,6,1,A,32,06-May,Female,1,571,571,Yes,,
337,20,17,16.98,3,6,2,A,32,06-May,Female,1,449,449,Yes,,
338,20,17,16.98,3,6,3,A,32,06-May,Female,1,729,729,Yes,Natural death,
339,20,17,16.98,3,6,4,A,32,06-May,Female,1,1218,1218,Yes,,
340,20,17,16.98,3,6,5,A,32,06-May,Female,1,199,199,Yes,,
341,20,17,16.98,6,3,1,A,32,06-May,Female,1,692,692,Yes,,
342,20,17,16.98,6,3,2,A,32,06-May,Female,1,1043,1043,Yes,,
343,20,17,16.98,6,3,3,A,32,06-May,Female,1,174,174,Yes,,
344,20,17,16.98,6,3,4,A,32,06-May,Female,1,612,612,Yes,,
345,20,17,16.98,6,3,5,A,31,05-May,Female,1,1690,1690,Yes,Natural death,
346,20,17,16.98,6,6,1,A,31,05-May,Female,1,338,338,Yes,Natural death,
347,20,17,16.98,6,6,2,A,28,02-May,Female,1,147,147,Yes,Natural death,
348,20,17,16.98,6,6,3,A,28,02-May,Female,1,169,169,Yes,Natural death,
349,20,17,16.98,6,6,4,A,28,02-May,Female,1,217,217,Yes,Natural death,
350,20,17,16.98,6,6,5,A,29,03-May,Female,1,47,47,Yes,Natural death,
351,C,17,16.98,0,0,1,A,32,06-May,Female,1,1536,1536,Yes,,
352,C,17,16.98,0,0,2,A,32,06-May,Female,1,2190,2190,Yes,,
353,-10,17,17,3,3,6,B,29,03-May,Female,1,570,570,Yes,,
354,-10,17,17,3,3,7,B,29,03-May,Female,1,1188,1188,Yes,,
355,-10,17,17,3,3,8,B,29,03-May,Female,1,326,326,Yes,,
356,-10,17,17,3,3,9,B,29,03-May,Female,1,,,Yes,Missing part of gut and and no lobes,Had 61 spores but didn't seem accurate so removed burden 
357,-10,17,17,3,3,10,B,29,03-May,Female,1,549,549,Yes,,
358,-10,17,17,3,6,6,B,29,03-May,Female,0,,0,Yes,,
359,-10,17,17,3,6,7,B,29,03-May,NA,NA,,,No ,Nothing in jar,
360,-10,17,17,3,6,8,B,-5,30-Mar,NA,NA,,,No ,Nothing in jar (pre-infection),
361,-10,17,17,3,6,9,B,-5,30-Mar,NA,NA,,,No ,Nothing in jar (pre-infection),
362,-10,17,17,3,6,10,B,10,14-Apr,Female,1,5,5,Yes,Natural death,
363,-10,17,17,6,3,6,B,-6,29-Mar,NA,NA,,,No ,Natural death (pre-infection),
364,-10,17,17,6,3,7,B,29,03-May,Female,1,810,810,Yes,,
365,-10,17,17,6,3,8,B,-7,28-Mar,NA,NA,,,No ,Natural death (pre-infection),
366,-10,17,17,6,3,9,B,-6,29-Mar,NA,NA,,,No ,Natural death (pre-infection),
367,-10,17,17,6,3,10,B,29,03-May,Female,1,253,253,Yes,Lobe missing,More spores present but input as full number not with a n+
368,-10,17,17,6,6,6,B,-6,29-Mar,Female,NA,,,No ,Natural death (pre-infection),
369,-10,17,17,6,6,7,B,-6,29-Mar,Female,NA,,,No ,Natural death (pre-infection),
370,-10,17,17,6,6,8,B,29,03-May,Female,1,75,75,Yes,,
371,-10,17,17,6,6,9,B,5,09-Apr,Female,0,,0,No ,Natural death,
372,-10,17,17,6,6,10,B,29,03-May,Female,1,459,459,Yes,,
373,C,17,17,0,0,3,B,29,03-May,Female,1,447,447,Yes,,
374,C,17,17,0,0,4,B,29,03-May,Female,1,513,513,Yes,,
375,0,17,17,3,3,6,B,31,05-May,Female,1,681,681,Yes,,
376,0,17,17,3,3,7,B,31,05-May,Female,1,883,883,Yes,,
377,0,17,17,3,3,8,B,31,05-May,Female,1,1181,1181,Yes,,
378,0,17,17,3,3,9,B,31,05-May,Female,1,1568,1568,Yes,,
379,0,17,17,3,3,10,B,31,05-May,Female,1,1348,1348,Yes,,
380,0,17,17,3,6,6,B,31,05-May,Female,1,60,60,Yes,,
381,0,17,17,3,6,7,B,31,05-May,Female,1,2085,2085,Yes,,
382,0,17,17,3,6,8,B,31,05-May,Female,1,3340,3340,Yes,,
383,0,17,17,3,6,9,B,31,05-May,Female,1,2019,2019,Yes,,
384,0,17,17,3,6,10,B,31,05-May,Female,1,1009,1009,Yes,,
385,0,17,17,6,3,6,B,31,05-May,Female,1,2001,2001,Yes,,
386,0,17,17,6,3,7,B,31,05-May,Female,1,1217,1217,Yes,,
387,0,17,17,6,3,8,B,31,05-May,Female,1,910,910,Yes,,
388,0,17,17,6,3,9,B,31,05-May,Female,1,851,851,Yes,,
389,0,17,17,6,3,10,B,31,05-May,Female,1,1356,1356,Yes,,
390,0,17,17,6,6,6,B,31,05-May,Female,1,1618,1618,Yes,,
391,0,17,17,6,6,7,B,31,05-May,Female,1,1386,1386,Yes,,
392,0,17,17,6,6,8,B,31,05-May,Female,1,2159,2159,Yes,,
393,0,17,17,6,6,9,B,31,05-May,Female,1,1680,1680,Yes,,
394,0,17,17,6,6,10,B,8,12-Apr,NA,NA,,,No ,Nothing in jar,
395,C,17,17,0,0,3,B,31,05-May,Female,1,2424,2424,Yes,,
396,C,17,17,0,0,4,B,8,12-Apr,NA,NA,,,No ,Nothing in jar,
397,10,17,17,3,3,6,B,31,05-May,Female,1,1732,1732,Yes,,
398,10,17,17,3,3,7,B,31,05-May,Female,1,1750,1750,Yes,,
399,10,17,17,3,3,8,B,31,05-May,Female,1,91,91,Yes,,
400,10,17,17,3,3,9,B,31,05-May,Female,1,1777,1777,Yes,,
401,10,17,17,3,3,10,B,31,05-May,Female,1,1881,1881,Yes,,
402,10,17,17,3,6,6,B,31,05-May,Female,1,1118,1118,Yes,,
403,10,17,17,3,6,7,B,31,05-May,Female,1,313,313,Yes,,
404,10,17,17,3,6,8,B,31,05-May,Female,1,191,191,Yes,,
405,10,17,17,3,6,9,B,31,05-May,Female,1,1579,1579,Yes,,
406,10,17,17,3,6,10,B,31,05-May,Female,1,1916,1916,Yes,,
407,10,17,17,6,3,6,B,32,06-May,Female,1,1910,1910,Yes,,
408,10,17,17,6,3,7,B,32,06-May,Female,1,1721,1721,Yes,,
409,10,17,17,6,3,8,B,32,06-May,Female,1,1422,1422,Yes,,
410,10,17,17,6,3,9,B,32,06-May,Female,1,2162,2162,Yes,,
411,10,17,17,6,3,10,B,32,06-May,Female,1,2415,2415,Yes,,
412,10,17,17,6,6,6,B,32,06-May,Female,1,942,942,Yes,,
413,10,17,17,6,6,7,B,17,21-Apr,Female,1,294,294,Yes,Natural death,
414,10,17,17,6,6,8,B,32,06-May,Female,1,1480,1480,Yes,,
415,10,17,17,6,6,9,B,32,06-May,Female,1,1214,1214,Yes,,
416,10,17,17,6,6,10,B,32,06-May,Female,1,756,756,Yes,,
417,C,17,17,0,0,3,B,32,06-May,Female,1,1492,1492,Yes,,
418,C,17,17,0,0,4,B,32,06-May,Female,1,978,978,Yes,,
419,20,17,17,3,3,6,B,30,04-May,Female,1,430,430,Yes,,
420,20,17,17,3,3,7,B,30,04-May,Female,1,736,736,Yes,,
421,20,17,17,3,3,8,B,30,04-May,Female,1,888,888,Yes,,
422,20,17,17,3,3,9,B,30,04-May,Female,1,1000,1000,Yes,,
423,20,17,17,3,3,10,B,30,04-May,Female,1,1000,1000,Yes,,
424,20,17,17,3,6,6,B,30,04-May,Female,1,1625,1625,Yes,,
425,20,17,17,3,6,7,B,30,04-May,Female,1,1329,1329,Yes,,
426,20,17,17,3,6,8,B,31,05-May,Female,1,2203,2203,Yes,,
427,20,17,17,3,6,9,B,31,05-May,NA,NA,,,No ,Nothing in jar,
428,20,17,17,3,6,10,B,31,05-May,Female,1,2103,2103,Yes,,
429,20,17,17,6,3,6,B,31,05-May,Female,1,1756,1756,Yes,,
430,20,17,17,6,3,7,B,31,05-May,Female,1,743,743,Yes,,
431,20,17,17,6,3,8,B,31,05-May,Female,1,1283,1283,Yes,,
432,20,17,17,6,3,9,B,31,05-May,Female,1,922,922,Yes,,
433,20,17,17,6,3,10,B,31,05-May,Female,1,1055,1055,Yes,,
434,20,17,17,6,6,6,B,31,05-May,Female,1,921,921,Yes,,
435,20,17,17,6,6,7,B,31,05-May,Female,1,684,684,Yes,,
436,20,17,17,6,6,8,B,31,05-May,Female,1,356,356,Yes,,
437,20,17,17,6,6,9,B,31,05-May,Female,1,1552,1552,Yes,,
438,20,17,17,6,6,10,B,31,05-May,Female,1,1030,1030,Yes,,
439,C,17,17,0,0,3,B,31,05-May,Female,1,1435,1435,Yes,,
440,C,17,17,0,0,4,B,31,05-May,Female,1,1309,1309,Yes,,
441,-10,17,17.11,3,3,11,C,-4,31-Mar,NA,0,,0,No ,Natural death (pre-infection),
442,-10,17,17.11,3,3,12,C,-5,30-Mar,NA,0,,0,No ,Natural death (pre-infection),
443,-10,17,17.11,3,3,13,C,33,07-May,Female,1,1261,1261,Yes,,
444,-10,17,17.11,3,3,14,C,32,06-May,Female,1,30,30,Yes,Natural death,
445,-10,17,17.11,3,3,15,C,33,07-May,Female,1,498,498,Yes,,
446,-10,17,17.11,3,6,11,C,31,05-May,Female,1,888,888,Yes,Natural death,
447,-10,17,17.11,3,6,12,C,10,14-Apr,Female,0,,0,Yes,Natural death,
448,-10,17,17.11,3,6,13,C,33,07-May,Female,1,492,492,Yes,Natural death,
449,-10,17,17.11,3,6,14,C,-4,31-Mar,NA,0,,0,No ,Natural death (pre-infection),
450,-10,17,17.11,3,6,15,C,32,06-May,NA,NA,,,No ,Nothing in jar,
451,-10,17,17.11,6,3,11,C,24,28-Apr,Female,1,246,246,Yes,Natural death,
452,-10,17,17.11,6,3,12,C,33,07-May,NA,NA,,,No ,Nothing in jar,
453,-10,17,17.11,6,3,13,C,14,18-Apr,Female,0,,0,Yes,Natural death,
454,-10,17,17.11,6,3,14,C,24,28-Apr,Female,1,,,Yes,Natural death - Too much algae but definitely infected,
455,-10,17,17.11,6,3,15,C,33,07-May,Female,1,341,341,Yes,Natural death,
456,-10,17,17.11,6,6,11,C,33,07-May,Female,1,431,431,Yes,,
457,-10,17,17.11,6,6,12,C,-4,31-Mar,NA,0,,0,No ,Natural death (pre-infection),
458,-10,17,17.11,6,6,13,C,-3,01-Apr,NA,0,,0,No ,Natural death (pre-infection),
459,-10,17,17.11,6,6,14,C,33,07-May,Female,1,143,143,Yes,,
460,-10,17,17.11,6,6,15,C,33,07-May,Female,1,1045,1045,Yes,,
461,C,17,17.11,0,0,5,C,33,07-May,Female,1,361,361,Yes,Natural death,
462,C,17,17.11,0,0,6,C,33,07-May,Female,1,1054,1054,Yes,,
463,0,17,17.11,3,3,11,C,33,07-May,Female,1,1751,1751,Yes,,
464,0,17,17.11,3,3,12,C,33,07-May,Female,1,1982,1982,Yes,,
465,0,17,17.11,3,3,13,C,33,07-May,Female,1,2342,2342,Yes,,
466,0,17,17.11,3,3,14,C,8,12-Apr,Female,NA,,,No ,Too much algae to see accurately,
467,0,17,17.11,3,3,15,C,33,07-May,Female,1,612,612,Yes,,
468,0,17,17.11,3,6,11,C,33,07-May,Female,1,1032,1032,Yes,,
469,0,17,17.11,3,6,12,C,33,07-May,Female,1,1438,1438,Yes,,
470,0,17,17.11,3,6,13,C,33,07-May,Female,1,66,66,Yes,,
471,0,17,17.11,3,6,14,C,33,07-May,Female,1,1215,1215,Yes,,
472,0,17,17.11,3,6,15,C,33,07-May,Female,1,224,224,Yes,,
473,0,17,17.11,6,3,11,C,33,07-May,Female,1,708,708,Yes,,
474,0,17,17.11,6,3,12,C,33,07-May,Female,1,849,849,Yes,,
475,0,17,17.11,6,3,13,C,33,07-May,Female,1,2013,2013,Yes,,
476,0,17,17.11,6,3,14,C,33,07-May,Female,1,1416,1416,Yes,,
477,0,17,17.11,6,3,15,C,30,04-May,Female,1,501,501,Yes,Natural death,
478,0,17,17.11,6,6,11,C,33,07-May,Female,1,874,874,Yes,,
479,0,17,17.11,6,6,12,C,33,07-May,Female,1,708,708,Yes,,
480,0,17,17.11,6,6,13,C,33,07-May,Female,1,1026,1026,Yes,,
481,0,17,17.11,6,6,14,C,33,07-May,Male,NA,,,No ,Male,
482,0,17,17.11,6,6,15,C,33,07-May,Female,1,1093,1093,Yes,,
483,C,17,17.11,0,0,5,C,33,07-May,Female,1,846,846,Yes,,
484,C,17,17.11,0,0,6,C,33,07-May,Female,1,1004,1004,Yes,,
485,10,17,17.11,3,3,11,C,34,08-May,Female,1,485,485,Yes,,
486,10,17,17.11,3,3,12,C,34,08-May,Female,1,143,143,Yes,,
487,10,17,17.11,3,3,13,C,34,08-May,Female,1,437,437,Yes,,
488,10,17,17.11,3,3,14,C,34,08-May,Female,1,892,892,Yes,,
489,10,17,17.11,3,3,15,C,34,08-May,Female,1,1185,1185,Yes,,
490,10,17,17.11,3,6,11,C,34,08-May,Female,1,518,518,Yes,,
491,10,17,17.11,3,6,12,C,34,08-May,Female,1,183,183,Yes,,
492,10,17,17.11,3,6,13,C,34,08-May,Female,1,740,740,Yes,,
493,10,17,17.11,3,6,14,C,34,08-May,Female,1,347,347,Yes,,
494,10,17,17.11,3,6,15,C,34,08-May,Female,1,321,321,Yes,Natural death,
495,10,17,17.11,6,3,11,C,34,08-May,Female,1,1111,1111,Yes,,
496,10,17,17.11,6,3,12,C,-3,01-Apr,NA,0,,0,No ,Natural death (pre-infection),
497,10,17,17.11,6,3,13,C,34,08-May,Female,1,177,177,Yes,,
498,10,17,17.11,6,3,14,C,34,08-May,Female,1,1008,1008,Yes,,
499,10,17,17.11,6,3,15,C,34,08-May,Female,1,591,591,Yes,,
500,10,17,17.11,6,6,11,C,34,08-May,Female,1,750,750,Yes,,
501,10,17,17.11,6,6,12,C,4,08-Apr,Female,0,,0,No ,Unnatural death,
502,10,17,17.11,6,6,13,C,34,08-May,Female,1,1164,1164,Yes,,
503,10,17,17.11,6,6,14,C,34,08-May,Female,1,826,826,Yes,,
504,10,17,17.11,6,6,15,C,34,08-May,Female,1,554,554,Yes,,
505,C,17,17.11,0,0,5,C,32,06-May,Female,1,419,419,Yes,Natural death,
506,C,17,17.11,0,0,6,C,34,08-May,Female,1,165,165,Yes,,
507,20,17,17.11,3,3,11,C,32,06-May,Female,1,575,575,Yes,,
508,20,17,17.11,3,3,12,C,32,06-May,Female,1,269,269,Yes,,
509,20,17,17.11,3,3,13,C,32,06-May,Female,1,1342,1342,Yes,,
510,20,17,17.11,3,3,14,C,32,06-May,Female,1,863,863,Yes,,
511,20,17,17.11,3,3,15,C,32,06-May,Female,1,1180,1180,Yes,,
512,20,17,17.11,3,6,11,C,32,06-May,Female,1,563,563,Yes,,
513,20,17,17.11,3,6,12,C,32,06-May,Female,1,1557,1557,Yes,,
514,20,17,17.11,3,6,13,C,32,06-May,Female,1,442,442,Yes,,
515,20,17,17.11,3,6,14,C,32,06-May,Female,1,29,29,Yes,Natural death  - too much algae to see,More spores present but input as full number not with a n+
516,20,17,17.11,3,6,15,C,32,06-May,Female,1,138,138,Yes,,
517,20,17,17.11,6,3,11,C,32,06-May,Female,1,1212,1212,Yes,,
518,20,17,17.11,6,3,12,C,32,06-May,Female,1,551,551,Yes,,
519,20,17,17.11,6,3,13,C,32,06-May,Female,1,1286,1286,Yes,,
520,20,17,17.11,6,3,14,C,32,06-May,Female,1,1093,1093,Yes,,
521,20,17,17.11,6,3,15,C,32,06-May,Female,1,478,478,Yes,,
522,20,17,17.11,6,6,11,C,32,06-May,Female,1,1172,1172,Yes,,
523,20,17,17.11,6,6,12,C,32,06-May,Female,1,416,416,Yes,Natural death,
524,20,17,17.11,6,6,13,C,32,06-May,Female,1,1511,1511,Yes,Natural death,
525,20,17,17.11,6,6,14,C,32,06-May,Female,1,856,856,Yes,,
526,20,17,17.11,6,6,15,C,32,06-May,Female,1,64,64,Yes,Natural death,
527,C,17,17.11,0,0,5,C,32,06-May,Female,1,967,967,Yes,,
528,C,17,17.11,0,0,6,C,32,06-May,Female,1,529,529,Yes,,
529,-10,20,20,3,3,1,A,-4,31-Mar,NA,0,,0,No ,Natural death (pre-infection),
530,-10,20,20,3,3,2,A,31,05-May,Female,1,1502,1502,Yes,,
531,-10,20,20,3,3,3,A,31,05-May,Female,0,,0,Yes,,
532,-10,20,20,3,3,4,A,31,05-May,Female,1,420,420,Yes,,
533,-10,20,20,3,3,5,A,31,05-May,Female,1,335,335,Yes,,
534,-10,20,20,3,6,1,A,31,05-May,Female,1,1345,1345,Yes,,
535,-10,20,20,3,6,2,A,31,05-May,Female,1,955,955,Yes,,
536,-10,20,20,3,6,3,A,31,05-May,Female,1,373,373,Yes,,
537,-10,20,20,3,6,4,A,31,05-May,Female,1,704,704,Yes,,
538,-10,20,20,3,6,5,A,31,05-May,Female,1,171,171,Yes,,
539,-10,20,20,6,3,1,A,-7,28-Mar,NA,NA,,,No ,Natural death (pre-infection),
540,-10,20,20,6,3,2,A,31,05-May,Female,1,80,80,Yes,,
541,-10,20,20,6,3,3,A,31,05-May,Female,1,244,244,Yes,,
542,-10,20,20,6,3,4,A,31,05-May,Female,1,1048,1048,Yes,,
543,-10,20,20,6,3,5,A,-4,31-Mar,NA,0,,0,No ,Natural death (pre-infection),
544,-10,20,20,6,6,1,A,31,05-May,Female,1,639,639,Yes,,
545,-10,20,20,6,6,2,A,32,06-May,Female,1,1349,1349,Yes,,
546,-10,20,20,6,6,3,A,33,07-May,Female,1,765,765,Yes,,
547,-10,20,20,6,6,4,A,34,08-May,Female,1,504,504,Yes,,
548,-10,20,20,6,6,5,A,26,30-Apr,Female,1,139,139,Yes,Natural death,
549,C,20,20,0,0,1,A,31,05-May,Female,1,1111,1111,Yes,,
550,C,20,20,0,0,2,A,-1,03-Apr,NA,0,,0,No ,Natural death (pre-infection),
551,0,20,20,3,3,1,A,32,06-May,NA,NA,,,No ,Nothing in jar,
552,0,20,20,3,3,2,A,32,06-May,Female,1,220,220,Yes,,
553,0,20,20,3,3,3,A,26,30-Apr,Female,1,360,360,Yes,Natural death,
554,0,20,20,3,3,4,A,32,06-May,Female,1,588,588,Yes,,
555,0,20,20,3,3,5,A,28,02-May,NA,NA,,,No ,Unnatural death,
556,0,20,20,3,6,1,A,32,06-May,NA,NA,,,No ,Nothing in jar,
557,0,20,20,3,6,2,A,28,02-May,NA,NA,,,No ,Unnatural death,
558,0,20,20,3,6,3,A,32,06-May,Female,1,954,954,Yes,,
559,0,20,20,3,6,4,A,32,06-May,Female,1,929,929,Yes,,
560,0,20,20,3,6,5,A,28,02-May,NA,NA,,,No ,Unnatural death,
561,0,20,20,6,3,1,A,32,06-May,Female,1,818,818,Yes,,
562,0,20,20,6,3,2,A,28,02-May,NA,NA,,,No ,Unnatural death,
563,0,20,20,6,3,3,A,32,06-May,Female,1,933,933,Yes,,
564,0,20,20,6,3,4,A,32,06-May,Female,1,862,862,Yes,,
565,0,20,20,6,3,5,A,32,06-May,Female,1,929,929,Yes,,
566,0,20,20,6,6,1,A,28,02-May,NA,NA,,,No ,Unnatural death,
567,0,20,20,6,6,2,A,28,02-May,NA,NA,,,No ,Unnatural death,
568,0,20,20,6,6,3,A,28,02-May,NA,NA,,,No ,Unnatural death,
569,0,20,20,6,6,4,A,28,02-May,NA,NA,,,No ,Unnatural death,
570,0,20,20,6,6,5,A,32,06-May,Female,1,1149,1149,Yes,,
571,C,20,20,0,0,1,A,28,02-May,NA,NA,,,No ,Unnatural death,
572,C,20,20,0,0,2,A,32,06-May,Female,1,833,833,Yes,,
573,10,20,20,3,3,1,A,30,04-May,Female,1,,,Yes,Uncountable - very infected ,
574,10,20,20,3,3,2,A,30,04-May,Female,1,493,493,Yes,,
575,10,20,20,3,3,3,A,30,04-May,Female,1,63,63,Yes,,
576,10,20,20,3,3,4,A,30,04-May,Female,1,201,201,Yes,,
577,10,20,20,3,3,5,A,30,04-May,Female,1,164,164,Yes,,
578,10,20,20,3,6,1,A,30,04-May,Female,1,877,877,Yes,,
579,10,20,20,3,6,2,A,30,04-May,Female,1,670,670,Yes,,
580,10,20,20,3,6,3,A,30,04-May,Female,1,550,550,Yes,,
581,10,20,20,3,6,4,A,30,04-May,Male,NA,,,No ,Male,
582,10,20,20,3,6,5,A,30,04-May,Female,1,704,704,Yes,,
583,10,20,20,6,3,1,A,30,04-May,Female,1,100,100,Yes,,
584,10,20,20,6,3,2,A,30,04-May,Female,1,875,875,Yes,,
585,10,20,20,6,3,3,A,30,04-May,Female,1,590,590,Yes,,
586,10,20,20,6,3,4,A,18,22-Apr,Female,1,,,Yes,Lobes decomposed ,Had 13 spores but didn't seem accurate so removed burden
587,10,20,20,6,3,5,A,30,04-May,Female,1,1136,1136,Yes,,
588,10,20,20,6,6,1,A,5,09-Apr,Female,NA,,,No ,Unnatural death,
589,10,20,20,6,6,2,A,4,08-Apr,Female,NA,,,No ,Unnatural death,
590,10,20,20,6,6,3,A,21,25-Apr,Female,0,,0,Yes,Natural death,
591,10,20,20,6,6,4,A,30,04-May,Female,1,1183,1183,Yes,,
592,10,20,20,6,6,5,A,30,04-May,Female,1,1108,1108,Yes,,
593,C,20,20,0,0,1,A,30,04-May,Female,1,354,354,Yes,,
594,C,20,20,0,0,2,A,30,04-May,Female,1,5,5,Yes,,
595,20,20,20,3,3,1,A,30,04-May,Female,1,901,901,Yes,,
596,20,20,20,3,3,2,A,30,04-May,Female,1,137,137,Yes,,
597,20,20,20,3,3,3,A,30,04-May,Female,1,476,476,Yes,,
598,20,20,20,3,3,4,A,30,04-May,Female,1,46,46,Yes,,
599,20,20,20,3,3,5,A,30,04-May,Female,1,762,762,Yes,,
600,20,20,20,3,6,1,A,30,04-May,Female,1,408,408,Yes,,
601,20,20,20,3,6,2,A,30,04-May,Female,1,906,906,Yes,,
602,20,20,20,3,6,3,A,30,04-May,Female,1,293,293,Yes,,
603,20,20,20,3,6,4,A,30,04-May,Female,1,207,207,Yes,,
604,20,20,20,3,6,5,A,30,04-May,Female,1,267,267,Yes,,
605,20,20,20,6,3,1,A,30,04-May,Female,1,29,29,Yes,,
606,20,20,20,6,3,2,A,30,04-May,Female,1,85,85,Yes,,
607,20,20,20,6,3,3,A,30,04-May,Female,1,185,185,Yes,,
608,20,20,20,6,3,4,A,30,04-May,Female,1,350,350,Yes,,
609,20,20,20,6,3,5,A,30,04-May,Female,1,400,400,Yes,,
610,20,20,20,6,6,1,A,26,30-Apr,Female,1,29,29,Yes,Natural death,
611,20,20,20,6,6,2,A,26,30-Apr,Female,1,87,87,Yes,Natural death,
612,20,20,20,6,6,3,A,29,03-May,Female,0,,0,Yes,Natural death,
613,20,20,20,6,6,4,A,30,04-May,Female,1,85,85,Yes,,
614,20,20,20,6,6,5,A,30,04-May,Female,1,88,88,Yes,,
615,C,20,20,0,0,3,A,30,04-May,Female,1,523,523,Yes,,
616,C,20,20,0,0,4,A,29,03-May,Female,1,1446,1446,Yes,,
617,-10,20,20,3,3,6,B,29,03-May,Female,1,429,429,Yes,,
618,-10,20,20,3,3,7,B,29,03-May,Female,1,764,764,Yes,,
619,-10,20,20,3,3,8,B,29,03-May,Female,1,325,325,Yes,,
620,-10,20,20,3,3,9,B,29,03-May,Female,1,104,104,Yes,,
621,-10,20,20,3,3,10,B,29,03-May,Female,1,386,386,Yes,,
622,-10,20,20,3,6,6,B,29,03-May,Female,1,315,315,Yes,,
623,-10,20,20,3,6,7,B,29,03-May,Female,1,401,401,Yes,,
624,-10,20,20,3,6,8,B,29,03-May,Female,1,677,677,Yes,,
625,-10,20,20,3,6,9,B,29,03-May,Female,1,610,610,Yes,,
626,-10,20,20,3,6,10,B,29,03-May,Female,1,404,404,Yes,,
627,-10,20,20,6,3,6,B,29,03-May,Female,1,461,461,Yes,,
628,-10,20,20,6,3,7,B,29,03-May,Female,1,692,692,Yes,,
629,-10,20,20,6,3,8,B,29,03-May,Female,1,777,777,Yes,,
630,-10,20,20,6,3,9,B,29,03-May,Female,1,448,448,Yes,,
631,-10,20,20,6,3,10,B,29,03-May,Female,1,967,967,Yes,,
632,-10,20,20,6,6,6,B,29,03-May,Female,1,516,516,Yes,,
633,-10,20,20,6,6,7,B,29,03-May,Female,1,714,714,Yes,,
634,-10,20,20,6,6,8,B,29,03-May,Female,1,192,192,Yes,,
635,-10,20,20,6,6,9,B,29,03-May,Female,1,164,164,Yes,,
636,-10,20,20,6,6,10,B,29,03-May,Female,1,282,282,Yes,,
637,C,20,20,0,0,3,B,29,03-May,Female,1,640,640,Yes,,
638,C,20,20,0,0,4,B,29,03-May,Female,1,701,701,Yes,,
639,0,20,20,3,3,6,B,29,03-May,Female,1,634,634,Yes,,
640,0,20,20,3,3,7,B,29,03-May,Female,1,578,578,Yes,,
641,0,20,20,3,3,8,B,29,03-May,Female,1,784,784,Yes,,
642,0,20,20,3,3,9,B,29,03-May,Female,1,987,987,Yes,,
643,0,20,20,3,3,10,B,29,03-May,Female,1,1108,1108,Yes,,
644,0,20,20,3,6,6,B,29,03-May,Female,1,1179,1179,Yes,,
645,0,20,20,3,6,7,B,29,03-May,Female,1,1347,1347,Yes,,
646,0,20,20,3,6,8,B,29,03-May,Female,1,853,853,Yes,,
647,0,20,20,3,6,9,B,29,03-May,Female,1,357,357,Yes,,
648,0,20,20,3,6,10,B,29,03-May,Female,1,1210,1210,Yes,,
649,0,20,20,6,3,6,B,29,03-May,Female,1,1206,1206,Yes,,
650,0,20,20,6,3,7,B,29,03-May,Female,1,370,370,Yes,,
651,0,20,20,6,3,8,B,29,03-May,Female,1,885,885,Yes,,
652,0,20,20,6,3,9,B,29,03-May,Female,1,1240,1240,Yes,,
653,0,20,20,6,3,10,B,29,03-May,Female,1,1368,1368,Yes,,
654,0,20,20,6,6,6,B,29,03-May,Female,1,1333,1333,Yes,,
655,0,20,20,6,6,7,B,29,03-May,Female,1,534,534,Yes,,
656,0,20,20,6,6,8,B,29,03-May,Female,0,,0,Yes,,
657,0,20,20,6,6,9,B,29,03-May,Female,1,567,567,Yes,,
658,0,20,20,6,6,10,B,29,03-May,Female,1,951,951,Yes,,
659,C,20,20,0,0,3,B,29,03-May,Female,1,440,440,Yes,,
660,C,20,20,0,0,4,B,29,03-May,Female,1,796,796,Yes,,
661,10,20,20,3,3,6,B,32,06-May,Female,1,1559,1559,Yes,,
662,10,20,20,3,3,7,B,32,06-May,Female,1,1748,1748,Yes,,
663,10,20,20,3,3,8,B,32,06-May,Female,1,1147,1147,Yes,,
664,10,20,20,3,3,9,B,32,06-May,Female,0,,0,Yes,,
665,10,20,20,3,3,10,B,3,07-Apr,Female,0,,0,No ,Natural death,
666,10,20,20,3,6,6,B,31,05-May,Female,1,40,40,Yes,Natural death - can only find one lobe ,
667,10,20,20,3,6,7,B,32,06-May,Female,1,,,Yes,Natural death - spores everywhere,
668,10,20,20,3,6,8,B,32,06-May,Female,0,,0,Yes,,
669,10,20,20,3,6,9,B,3,07-Apr,Female,0,,0,No ,Natural death,
670,10,20,20,3,6,10,B,5,09-Apr,Female,0,,0,No ,Natural death,
671,10,20,20,6,3,6,B,32,06-May,Female,1,17,17,Yes,,
672,10,20,20,6,3,7,B,32,06-May,Female,1,1777,1777,Yes,,
673,10,20,20,6,3,8,B,32,06-May,Female,1,625,625,Yes,,
674,10,20,20,6,3,9,B,32,06-May,Female,0,,0,Yes,,
675,10,20,20,6,3,10,B,2,06-Apr,Female,0,,0,No ,Natural death,
676,10,20,20,6,6,6,B,29,03-May,NA,NA,,,No ,Nothing in jar,
677,10,20,20,6,6,7,B,16,20-Apr,Female,1,12,12,Yes,Natural death,
678,10,20,20,6,6,8,B,2,06-Apr,Female,0,,0,No ,Natural death,
679,10,20,20,6,6,9,B,3,07-Apr,Female,0,,0,No ,Natural death,
680,10,20,20,6,6,10,B,32,06-May,Female,1,602,602,Yes,,
681,C,20,20,0,0,3,B,5,09-Apr,Female,NA,,,No ,Decomposed,
682,C,20,20,0,0,4,B,30,04-May,Female,1,65,65,Yes,Natural death,
683,20,20,20,3,3,6,B,32,06-May,Female,0,,0,Yes,,
684,20,20,20,3,3,7,B,32,06-May,Female,1,862,862,Yes,,
685,20,20,20,3,3,8,B,32,06-May,Female,1,965,965,Yes,,
686,20,20,20,3,3,9,B,32,06-May,Female,1,1192,1192,Yes,,
687,20,20,20,3,3,10,B,32,06-May,Female,1,259,259,Yes,,
688,20,20,20,3,6,6,B,32,06-May,Female,1,621,621,Yes,,
689,20,20,20,3,6,7,B,32,06-May,Female,0,,0,Yes,,
690,20,20,20,3,6,8,B,32,06-May,NA,NA,,,No ,Nothing in jar,
691,20,20,20,3,6,9,B,32,06-May,Female,1,333,333,Yes,,
692,20,20,20,3,6,10,B,32,06-May,Female,1,880,880,Yes,,
693,20,20,20,6,3,6,B,32,06-May,Female,1,29,29,Yes,,
694,20,20,20,6,3,7,B,32,06-May,Female,1,403,403,Yes,,
695,20,20,20,6,3,8,B,32,06-May,Female,1,199,199,Yes,,
696,20,20,20,6,3,9,B,32,06-May,Female,0,,0,Yes,,
697,20,20,20,6,3,10,B,32,06-May,Female,1,546,546,Yes,,
698,20,20,20,6,6,6,B,32,06-May,Female,1,154,154,Yes,,
699,20,20,20,6,6,7,B,32,06-May,Female,1,245,245,Yes,,
700,20,20,20,6,6,8,B,32,06-May,Female,1,46,46,Yes,,
701,20,20,20,6,6,9,B,32,06-May,Female,1,58,58,Yes,,
702,20,20,20,6,6,10,B,32,06-May,Female,1,655,655,Yes,,
703,C,20,20,0,0,3,B,32,06-May,Female,1,1483,1483,Yes,,
704,C,20,20,0,0,4,B,32,06-May,Female,1,955,955,Yes,,
705,-10,20,20.1,3,3,11,C,-6,29-Mar,NA,NA,,,No ,Natural death (pre-infection),
706,-10,20,20.1,3,3,12,C,16,20-Apr,Female,1,15,15,Yes,Natural death,
707,-10,20,20.1,3,3,13,C,27,01-May,Female,0,,0,Yes,Natural death,
708,-10,20,20.1,3,3,14,C,33,07-May,Female,1,425,425,Yes,,
709,-10,20,20.1,3,3,15,C,9,13-Apr,Female,1,11,11,Yes,Natural death,
710,-10,20,20.1,3,6,11,C,21,25-Apr,Female,1,483,483,Yes,Natural death,
711,-10,20,20.1,3,6,12,C,27,01-May,Female,0,,0,Yes,Natural death,
712,-10,20,20.1,3,6,13,C,5,09-Apr,Female,0,,0,No ,Natural death,
713,-10,20,20.1,3,6,14,C,27,01-May,Female,1,189,189,Yes,Natural death - loose spores could be more,
714,-10,20,20.1,3,6,15,C,-4,31-Mar,NA,0,,0,No ,Natural death (pre-infection),
715,-10,20,20.1,6,3,11,C,12,16-Apr,Female,1,164,164,Yes,Natural death,
716,-10,20,20.1,6,3,12,C,-6,29-Mar,NA,NA,,,No ,Natural death (pre-infection),
717,-10,20,20.1,6,3,13,C,-3,01-Apr,NA,0,,0,No ,Natural death (pre-infection),
718,-10,20,20.1,6,3,14,C,0,04-Apr,NA,0,,0,No ,Natural death (pre-infection),
719,-10,20,20.1,6,3,15,C,-5,30-Mar,NA,0,,0,No ,Natural death (pre-infection),
720,-10,20,20.1,6,6,11,C,33,07-May,Female,1,361,361,Yes,,
721,-10,20,20.1,6,6,12,C,4,08-Apr,Female,0,,0,No ,Natural death,
722,-10,20,20.1,6,6,13,C,33,07-May,NA,NA,,,No ,Nothing in jar,
723,-10,20,20.1,6,6,14,C,-7,28-Mar,NA,NA,,,No ,Natural death (pre-infection),
724,-10,20,20.1,6,6,15,C,-6,29-Mar,Female,NA,,,No ,Natural death (pre-infection),
725,C,20,20.1,0,0,5,C,28,02-May,Female,1,14,14,Yes,Natural death,
726,C,20,20.1,0,0,6,C,30,04-May,Female,1,20,20,Yes,Natural death,
727,0,20,20.1,3,3,11,C,34,08-May,Female,1,126,126,Yes,,
728,0,20,20.1,3,3,12,C,31,05-May,Female,1,97,97,Yes,Natural death - loose spores could be more,
729,0,20,20.1,3,3,13,C,13,17-Apr,Female,1,7,7,Yes,Natural death,
730,0,20,20.1,3,3,14,C,34,08-May,Female,0,,0,Yes,,
731,0,20,20.1,3,3,15,C,3,07-Apr,Female,0,,0,No ,Natural death,
732,0,20,20.1,3,6,11,C,12,16-Apr,Female,1,,,Yes,Natural death - sample ruined when moved ,Had 4 spores but didn't seem accurate so removed burden
733,0,20,20.1,3,6,12,C,3,07-Apr,Female,0,,0,No ,Natural death,
734,0,20,20.1,3,6,13,C,-4,31-Mar,NA,0,,0,No ,Natural death (pre-infection),
735,0,20,20.1,3,6,14,C,30,04-May,Female,1,464,464,Yes,Natural death,
736,0,20,20.1,3,6,15,C,12,16-Apr,Female,NA,,,No ,Decomposed,
737,0,20,20.1,6,3,11,C,10,14-Apr,Female,1,2,2,Yes,Natural death,
738,0,20,20.1,6,3,12,C,6,10-Apr,Female,0,,0,No ,Natural death,
739,0,20,20.1,6,3,13,C,2,06-Apr,Female,0,,0,No ,Natural death,
740,0,20,20.1,6,3,14,C,-5,30-Mar,NA,0,,0,No ,Natural death (pre-infection),
741,0,20,20.1,6,3,15,C,4,08-Apr,Female,0,,0,No ,Natural death,
742,0,20,20.1,6,6,11,C,2,06-Apr,Female,0,,0,No ,Natural death,
743,0,20,20.1,6,6,12,C,14,18-Apr,Female,1,6,6,Yes,Natural death,
744,0,20,20.1,6,6,13,C,5,09-Apr,Female,1,3,3,No ,Natural death,Inaccurate count too early for spores
745,0,20,20.1,6,6,14,C,21,25-Apr,Female,NA,,,No ,Lobes decomposed ,
746,0,20,20.1,6,6,15,C,4,08-Apr,Female,0,,0,No ,Natural death,
747,C,20,20.1,0,0,5,C,31,05-May,Female,1,747,747,Yes,,
748,C,20,20.1,0,0,6,C,NA,NA,NA,NA,,,No ,Unnatural death ,
749,10,20,20.1,3,3,11,C,31,05-May,Female,1,19,19,Yes,Natural death,
750,10,20,20.1,3,3,12,C,30,04-May,Female,1,78,78,Yes,Natural death,
751,10,20,20.1,3,3,13,C,31,05-May,Female,1,111,111,Yes,,
752,10,20,20.1,3,3,14,C,31,05-May,Female,1,102,102,Yes,,
753,10,20,20.1,3,3,15,C,31,05-May,Female,1,27,27,Yes,,
754,10,20,20.1,3,6,11,C,31,05-May,Female,1,23,23,Yes,,
755,10,20,20.1,3,6,12,C,31,05-May,Female,1,89,89,Yes,,
756,10,20,20.1,3,6,13,C,31,05-May,Female,1,15,15,Yes,,
757,10,20,20.1,3,6,14,C,31,05-May,Female,1,46,46,Yes,,
758,10,20,20.1,3,6,15,C,31,05-May,Female,1,758,758,Yes,,
759,10,20,20.1,6,3,11,C,29,03-May,Female,1,169,169,Yes,Natural death,
760,10,20,20.1,6,3,12,C,31,05-May,Female,1,67,67,Yes,,
761,10,20,20.1,6,3,13,C,30,04-May,Female,1,134,134,Yes,Natural death,
762,10,20,20.1,6,3,14,C,31,05-May,Female,1,77,77,Yes,,
763,10,20,20.1,6,3,15,C,20,24-Apr,Female,NA,,,No ,Too much algae to see accurately,
764,10,20,20.1,6,6,11,C,31,05-May,Female,1,84,84,Yes,,
765,10,20,20.1,6,6,12,C,31,05-May,Female,1,819,819,Yes,,
766,10,20,20.1,6,6,13,C,20,24-Apr,Female,1,4,4,Yes,Natural death,
767,10,20,20.1,6,6,14,C,31,05-May,Female,1,792,792,Yes,,
768,10,20,20.1,6,6,15,C,31,05-May,Female,1,944,944,Yes,,
769,C,20,20.1,0,0,5,C,31,05-May,Female,1,197,197,Yes,,
770,C,20,20.1,0,0,6,C,23,27-Apr,Female,1,2,2,Yes,Natural death,
771,20,20,20.1,3,3,11,C,34,08-May,Female,1,118,118,Yes,,
772,20,20,20.1,3,3,12,C,32,06-May,Female,1,8,8,Yes,Natural death,
773,20,20,20.1,3,3,13,C,23,27-Apr,Female,1,12,12,Yes,Natural death,
774,20,20,20.1,3,3,14,C,27,01-May,Female,0,,0,Yes,Natural death,
775,20,20,20.1,3,3,15,C,30,04-May,Female,1,218,218,Yes,Natural death,
776,20,20,20.1,3,6,11,C,31,05-May,Female,1,78,78,Yes,Natural death,
777,20,20,20.1,3,6,12,C,34,08-May,Female,1,725,725,Yes,,
778,20,20,20.1,3,6,13,C,21,25-Apr,Female,1,18,18,Yes,Natural death,
779,20,20,20.1,3,6,14,C,-3,01-Apr,NA,0,,0,No ,Natural death (pre-infection),
780,20,20,20.1,3,6,15,C,34,08-May,Female,0,,0,Yes,,
781,20,20,20.1,6,3,11,C,32,06-May,Female,1,23,23,Yes,Natural death,
782,20,20,20.1,6,3,12,C,26,30-Apr,Female,0,,0,Yes,Natural death,
783,20,20,20.1,6,3,13,C,-4,31-Mar,NA,0,,0,No ,Natural death (pre-infection),
784,20,20,20.1,6,3,14,C,31,05-May,Female,1,94,94,Yes,Natural death,
785,20,20,20.1,6,3,15,C,31,05-May,Female,1,90,90,Yes,Natural death,
786,20,20,20.1,6,6,11,C,31,05-May,Female,1,70,70,Yes,Natural death,
787,20,20,20.1,6,6,12,C,27,01-May,Female,1,,,Yes,Lost the lobes ,Had 10 spores but didn't seem accurate so removed burden
788,20,20,20.1,6,6,13,C,20,24-Apr,Female,1,5,5,Yes,Natural death,
789,20,20,20.1,6,6,14,C,24,28-Apr,Female,0,,0,Yes,One questionable spore,
790,20,20,20.1,6,6,15,C,21,25-Apr,Female,0,,0,Yes,Natural death,
791,C,20,20.1,0,0,5,C,14,18-Apr,Female,1,50,50,Yes,Decomposed,
792,C,20,20.1,0,0,6,C,32,06-May,Female,0,,0,Yes,Natural death,
793,-10,23,23,3,3,1,A,-6,29-Mar,NA,NA,,,No ,Natural death (pre-infection),
794,-10,23,23,3,3,2,A,30,04-May,Female,1,497,497,Yes,,
795,-10,23,23,3,3,3,A,30,04-May,Female,1,301,301,Yes,,
796,-10,23,23,3,3,4,A,30,04-May,Female,1,735,735,Yes,,
797,-10,23,23,3,3,5,A,30,04-May,Female,1,340,340,Yes,,
798,-10,23,23,3,6,1,A,30,04-May,Female,1,312,312,Yes,,
799,-10,23,23,3,6,2,A,30,04-May,Female,1,758,758,Yes,,
800,-10,23,23,3,6,3,A,30,04-May,Female,1,661,661,Yes,,
801,-10,23,23,3,6,4,A,30,04-May,Female,1,834,834,Yes,,
802,-10,23,23,3,6,5,A,30,04-May,Female,1,698,698,Yes,,
803,-10,23,23,6,3,1,A,30,04-May,Female,1,974,974,Yes,,
804,-10,23,23,6,3,2,A,30,04-May,Female,1,190,190,Yes,,
805,-10,23,23,6,3,3,A,30,04-May,Female,1,262,262,Yes,,
806,-10,23,23,6,3,4,A,30,04-May,Female,1,437,437,Yes,,
807,-10,23,23,6,3,5,A,30,04-May,Female,1,549,549,Yes,,
808,-10,23,23,6,6,1,A,30,04-May,Female,1,693,693,Yes,,
809,-10,23,23,6,6,2,A,30,04-May,Female,1,412,412,Yes,,
810,-10,23,23,6,6,3,A,30,04-May,Female,1,510,510,Yes,,
811,-10,23,23,6,6,4,A,30,04-May,Female,1,611,611,Yes,,
812,-10,23,23,6,6,5,A,30,04-May,Female,1,1728,1728,Yes,,
813,C,23,23,0,0,1,A,21,25-Apr,Female,1,289,289,Yes,Natural death,
814,C,23,23,0,0,2,A,30,04-May,Female,0,,0,Yes,,
815,0,23,23,3,3,1,A,23,27-Apr,Female,1,89,89,Yes,Natural death,
816,0,23,23,3,3,2,A,-5,30-Mar,Female,NA,,,No ,Natural death (pre-infection),
817,0,23,23,3,3,3,A,29,03-May,Female,1,413,413,Yes,,
818,0,23,23,3,3,4,A,29,03-May,Female,1,54,54,Yes,,
819,0,23,23,3,3,5,A,13,17-Apr,Female,1,4,4,Yes,Natural death - could only see one lobe,More spores present but input as full number not with a n+
820,0,23,23,3,6,1,A,29,03-May,Female,1,368,368,Yes,,
821,0,23,23,3,6,2,A,29,03-May,Female,1,206,206,Yes,,
822,0,23,23,3,6,3,A,29,03-May,Female,1,169,169,Yes,,
823,0,23,23,3,6,4,A,29,03-May,Female,1,190,190,Yes,,
824,0,23,23,3,6,5,A,30,04-May,Female,1,535,535,Yes,,
825,0,23,23,6,3,1,A,30,04-May,Female,0,,0,Yes,,
826,0,23,23,6,3,2,A,30,04-May,Female,0,,0,Yes,,
827,0,23,23,6,3,3,A,8,12-Apr,Female,0,,0,No ,Natural death,
828,0,23,23,6,3,4,A,28,02-May,Female,0,,0,Yes,Natural death,
829,0,23,23,6,3,5,A,30,04-May,Female,0,,0,Yes,,
830,0,23,23,6,6,1,A,30,04-May,Female,0,,0,Yes,,
831,0,23,23,6,6,2,A,30,04-May,Female,0,,0,Yes,,
832,0,23,23,6,6,3,A,8,12-Apr,Female,0,,0,No ,Natural death,
833,0,23,23,6,6,4,A,30,04-May,Female,0,,0,Yes,,
834,0,23,23,6,6,5,A,4,08-Apr,Female,0,,0,No ,Natural death,
835,C,23,23,0,0,1,A,30,04-May,Female,1,190,190,Yes,,
836,C,23,23,0,0,2,A,30,04-May,Female,1,260,260,Yes,,
837,10,23,23,3,3,1,A,31,05-May,Female,1,173,173,Yes,,
838,10,23,23,3,3,2,A,31,05-May,Female,1,344,344,Yes,,
839,10,23,23,3,3,3,A,31,05-May,Female,1,660,660,Yes,,
840,10,23,23,3,3,4,A,31,05-May,Female,1,96,96,Yes,,
841,10,23,23,3,3,5,A,31,05-May,Female,1,233,233,Yes,,
842,10,23,23,3,6,1,A,31,05-May,Female,1,161,161,Yes,,
843,10,23,23,3,6,2,A,31,05-May,Female,1,319,319,Yes,,
844,10,23,23,3,6,3,A,31,05-May,Female,1,187,187,Yes,,
845,10,23,23,3,6,4,A,31,05-May,Female,1,381,381,Yes,,
846,10,23,23,3,6,5,A,31,05-May,Female,1,174,174,Yes,,
847,10,23,23,6,3,1,A,13,17-Apr,Female,1,27,27,Yes,Natural death,
848,10,23,23,6,3,2,A,31,05-May,Female,1,3,3,Yes,,
849,10,23,23,6,3,3,A,31,05-May,Female,1,93,93,Yes,,
850,10,23,23,6,3,4,A,31,05-May,Female,1,312,312,Yes,,
851,10,23,23,6,3,5,A,31,05-May,Female,1,197,197,Yes,,
852,10,23,23,6,6,1,A,31,05-May,Female,0,,0,Yes,,
853,10,23,23,6,6,2,A,31,05-May,Female,0,,0,Yes,,
854,10,23,23,6,6,3,A,13,17-Apr,Female,1,34,34,Yes,Natural death,
855,10,23,23,6,6,4,A,31,05-May,Female,0,,0,Yes,,
856,10,23,23,6,6,5,A,31,05-May,Female,0,,0,Yes,,
857,C,23,23,0,0,1,A,31,05-May,Female,1,150,150,Yes,,
858,C,23,23,0,0,2,A,31,05-May,Female,1,468,468,Yes,,
859,20,23,23,3,3,1,A,30,04-May,Female,1,132,132,Yes,,
860,20,23,23,3,3,2,A,30,04-May,Female,1,243,243,Yes,,
861,20,23,23,3,3,3,A,30,04-May,Female,1,278,278,Yes,,
862,20,23,23,3,3,4,A,30,04-May,Female,1,122,122,Yes,,
863,20,23,23,3,3,5,A,30,04-May,Female,1,175,175,Yes,,
864,20,23,23,3,6,1,A,30,04-May,Female,1,62,62,Yes,,
865,20,23,23,3,6,2,A,30,04-May,Female,1,77,77,Yes,,
866,20,23,23,3,6,3,A,30,04-May,Female,1,436,436,Yes,,
867,20,23,23,3,6,4,A,8,12-Apr,Female,NA,,,No ,Decomposed ,
868,20,23,23,3,6,5,A,4,08-Apr,Female,NA,,,No ,Unnatural death,
869,20,23,23,6,3,1,A,30,04-May,Female,1,58,58,Yes,,
870,20,23,23,6,3,2,A,30,04-May,Female,1,52,52,Yes,,
871,20,23,23,6,3,3,A,30,04-May,Female,1,20,20,Yes,,
872,20,23,23,6,3,4,A,30,04-May,Female,1,23,23,Yes,,
873,20,23,23,6,3,5,A,30,04-May,Female,1,107,107,Yes,,
874,20,23,23,6,6,1,A,27,01-May,Female,0,,0,Yes,Natural death,
875,20,23,23,6,6,2,A,30,04-May,Female,0,,0,Yes,,
876,20,23,23,6,6,3,A,30,04-May,Female,0,,0,Yes,,
877,20,23,23,6,6,4,A,30,04-May,Female,0,,0,Yes,,
878,20,23,23,6,6,5,A,30,04-May,Female,0,,0,Yes,,
879,C,23,23,0,0,3,A,30,04-May,Female,1,308,308,Yes,,
880,C,23,23,0,0,4,A,30,04-May,Female,1,1122,1122,Yes,,
881,-10,23,22.94,3,3,6,B,-6,29-Mar,NA,NA,,,No ,Natural death (pre-infection),
882,-10,23,22.94,3,3,7,B,28,02-May,Female,1,88,88,Yes,Natural death,
883,-10,23,22.94,3,3,8,B,32,06-May,Female,0,,0,Yes,,
884,-10,23,22.94,3,3,9,B,32,06-May,Female,0,,0,Yes,,
885,-10,23,22.94,3,3,10,B,32,06-May,Female,1,191,191,Yes,Natural death,
886,-10,23,22.94,3,6,6,B,-4,31-Mar,NA,0,,0,No ,Natural death (pre-infection),
887,-10,23,22.94,3,6,7,B,-5,30-Mar,NA,0,,0,No ,Natural death (pre-infection),
888,-10,23,22.94,3,6,8,B,32,06-May,Female,1,179,179,Yes,,
889,-10,23,22.94,3,6,9,B,29,03-May,Female,1,113,113,Yes,Natural death,
890,-10,23,22.94,3,6,10,B,33,07-May,Female,1,405,405,Yes,,
891,-10,23,22.94,6,3,6,B,23,27-Apr,Female,1,33,33,Yes,Natural death - lobes disentegrated,
892,-10,23,22.94,6,3,7,B,6,10-Apr,Female,0,,0,No ,Natural death,
893,-10,23,22.94,6,3,8,B,30,04-May,Female,1,2,2,Yes,Natural death,
894,-10,23,22.94,6,3,9,B,-2,02-Apr,NA,0,,0,No ,Natural death (pre-infection),
895,-10,23,22.94,6,3,10,B,11,15-Apr,Female,1,5,5,Yes,Natural death,
896,-10,23,22.94,6,6,6,B,32,06-May,Female,1,489,489,Yes,,
897,-10,23,22.94,6,6,7,B,-7,28-Mar,NA,NA,,,No ,Natural death (pre-infection),
898,-10,23,22.94,6,6,8,B,32,06-May,Female,1,181,181,Yes,,
899,-10,23,22.94,6,6,9,B,-7,28-Mar,NA,NA,,,No ,Natural death (pre-infection),
900,-10,23,22.94,6,6,10,B,32,06-May,Female,1,695,695,Yes,,
901,C,23,22.94,0,0,3,B,-3,01-Apr,NA,NA,,,No ,Natural death (pre-infection),
902,C,23,22.94,0,0,4,B,32,06-May,Female,1,431,431,Yes,,
903,0,23,22.94,3,3,6,B,30,04-May,Female,1,1082,1082,Yes,,
904,0,23,22.94,3,3,7,B,30,04-May,Female,1,419,419,Yes,,
905,0,23,22.94,3,3,8,B,30,04-May,Female,1,695,695,Yes,,
906,0,23,22.94,3,3,9,B,25,29-Apr,Female,1,730,730,Yes,Natural death,
907,0,23,22.94,3,3,10,B,30,04-May,Female,1,607,607,Yes,,
908,0,23,22.94,3,6,6,B,30,04-May,Female,1,1033,1033,Yes,,
909,0,23,22.94,3,6,7,B,30,04-May,Female,1,854,854,Yes,,
910,0,23,22.94,3,6,8,B,9,13-Apr,Female,0,,0,Yes,Natural death,
911,0,23,22.94,3,6,9,B,5,09-Apr,Female,NA,,,No ,Natural death - one questionable one,
912,0,23,22.94,3,6,10,B,30,04-May,Female,1,414,414,Yes,,
913,0,23,22.94,6,3,6,B,26,30-Apr,Female,0,,0,Yes,Natural death,
914,0,23,22.94,6,3,7,B,30,04-May,Female,0,,0,Yes,,
915,0,23,22.94,6,3,8,B,30,04-May,Female,0,,0,Yes,,
916,0,23,22.94,6,3,9,B,30,04-May,Female,1,601,601,Yes,,
917,0,23,22.94,6,3,10,B,30,04-May,Female,0,,0,Yes,,
918,0,23,22.94,6,6,6,B,30,04-May,Female,0,,0,Yes,,
919,0,23,22.94,6,6,7,B,30,04-May,Female,0,,0,Yes,,
920,0,23,22.94,6,6,8,B,30,04-May,Female,0,,0,Yes,,
921,0,23,22.94,6,6,9,B,30,04-May,Female,0,,0,Yes,,
922,0,23,22.94,6,6,10,B,30,04-May,Female,0,,0,Yes,,
923,C,23,22.94,0,0,3,B,30,04-May,Female,1,821,821,Yes,,
924,C,23,22.94,0,0,4,B,30,04-May,Female,1,577,577,Yes,,
925,10,23,22.94,3,3,6,B,29,03-May,Female,1,23,23,Yes,,
926,10,23,22.94,3,3,7,B,29,03-May,Female,1,300,300,Yes,,
927,10,23,22.94,3,3,8,B,29,03-May,Female,1,18,18,Yes,,
928,10,23,22.94,3,3,9,B,29,03-May,Female,1,356,356,Yes,,
929,10,23,22.94,3,3,10,B,29,03-May,Female,1,261,261,Yes,,
930,10,23,22.94,3,6,6,B,29,03-May,Female,1,157,157,Yes,,
931,10,23,22.94,3,6,7,B,29,03-May,Female,1,464,464,Yes,,
932,10,23,22.94,3,6,8,B,29,03-May,Female,1,76,76,Yes,,
933,10,23,22.94,3,6,9,B,29,03-May,Female,1,619,619,Yes,,
934,10,23,22.94,3,6,10,B,29,03-May,Female,1,112,112,Yes,,
935,10,23,22.94,6,3,6,B,29,03-May,Female,0,,0,Yes,,
936,10,23,22.94,6,3,7,B,29,03-May,Female,0,,0,Yes,,
937,10,23,22.94,6,3,8,B,29,03-May,Female,1,16,16,Yes,,
938,10,23,22.94,6,3,9,B,29,03-May,Female,1,16,16,Yes,,
939,10,23,22.94,6,3,10,B,30,04-May,Female,1,203,203,Yes,,
940,10,23,22.94,6,6,6,B,30,04-May,Female,0,,0,Yes,,
941,10,23,22.94,6,6,7,B,10,14-Apr,Female,0,,0,Yes,Natural death,
942,10,23,22.94,6,6,8,B,30,04-May,Female,0,,0,Yes,,
943,10,23,22.94,6,6,9,B,30,04-May,Female,0,,0,Yes,,
944,10,23,22.94,6,6,10,B,13,17-Apr,Female,0,,0,Yes,Natural death,
945,C,23,22.94,0,0,3,B,29,03-May,Female,1,160,160,Yes,,
946,C,23,22.94,0,0,4,B,30,04-May,Female,1,95,95,Yes,,
947,20,23,22.94,3,3,6,B,30,04-May,Female,0,,0,Yes,,
948,20,23,22.94,3,3,7,B,30,04-May,Female,1,47,47,Yes,,
949,20,23,22.94,3,3,8,B,30,04-May,Female,1,88,88,Yes,,
950,20,23,22.94,3,3,9,B,30,04-May,Female,1,269,269,Yes,,
951,20,23,22.94,3,3,10,B,30,04-May,Female,1,73,73,Yes,,
952,20,23,22.94,3,6,6,B,30,04-May,Female,1,294,294,Yes,,
953,20,23,22.94,3,6,7,B,30,04-May,Female,1,328,328,Yes,,
954,20,23,22.94,3,6,8,B,30,04-May,Female,1,53,53,Yes,,
955,20,23,22.94,3,6,9,B,30,04-May,Female,1,95,95,Yes,,
956,20,23,22.94,3,6,10,B,30,04-May,Female,1,296,296,Yes,,
957,20,23,22.94,6,3,6,B,21,25-Apr,Female,0,,0,Yes,Natural death - very decomposed,
958,20,23,22.94,6,3,7,B,30,04-May,Female,1,10,10,Yes,,
959,20,23,22.94,6,3,8,B,23,27-Apr,Female,1,2,2,Yes,Natural death,
960,20,23,22.94,6,3,9,B,30,04-May,Female,1,6,6,Yes,,
961,20,23,22.94,6,3,10,B,30,04-May,Female,1,20,20,Yes,,
962,20,23,22.94,6,6,6,B,30,04-May,Female,0,,0,Yes,,
963,20,23,22.94,6,6,7,B,30,04-May,Female,0,,0,Yes,,
964,20,23,22.94,6,6,8,B,30,04-May,Female,1,9,9,Yes,,
965,20,23,22.94,6,6,9,B,25,29-Apr,Female,1,32,32,Yes,Natural death,
966,20,23,22.94,6,6,10,B,30,04-May,Female,0,,0,Yes,,
967,C,23,22.94,0,0,3,B,30,04-May,Female,1,1033,1033,Yes,,
968,C,23,22.94,0,0,4,B,30,04-May,Female,1,1258,1258,Yes,,
969,-10,23,22.91,3,3,11,C,33,07-May,Female,1,486,486,Yes,Natural death,
970,-10,23,22.91,3,3,12,C,33,07-May,Female,1,214,214,Yes,,
971,-10,23,22.91,3,3,13,C,33,07-May,Female,1,346,346,Yes,,
972,-10,23,22.91,3,3,14,C,33,07-May,Female,1,127,127,Yes,,More spores present but input as full number not with a n+
973,-10,23,22.91,3,3,15,C,33,07-May,Female,1,535,535,Yes,,
974,-10,23,22.91,3,6,11,C,16,20-Apr,NA,NA,,,No ,Nothing in jar,
975,-10,23,22.91,3,6,12,C,33,07-May,Female,1,279,279,Yes,Natural death,
976,-10,23,22.91,3,6,13,C,33,07-May,Female,1,411,411,Yes,,
977,-10,23,22.91,3,6,14,C,33,07-May,Female,1,733,733,Yes,,
978,-10,23,22.91,3,6,15,C,33,07-May,Female,1,420,420,Yes,,
979,-10,23,22.91,6,3,11,C,33,07-May,Female,1,279,279,Yes,,
980,-10,23,22.91,6,3,12,C,10,14-Apr,Female,1,11,11,Yes,Natural death,
981,-10,23,22.91,6,3,13,C,33,07-May,Female,1,276,276,Yes,,
982,-10,23,22.91,6,3,14,C,33,07-May,Female,1,614,614,Yes,,
983,-10,23,22.91,6,3,15,C,33,07-May,Female,1,473,473,Yes,,
984,-10,23,22.91,6,6,11,C,33,07-May,Female,1,484,484,Yes,,
985,-10,23,22.91,6,6,12,C,17,21-Apr,Female,1,46,46,Yes,Natural death,
986,-10,23,22.91,6,6,13,C,-7,28-Mar,NA,NA,,,No ,Natural death (pre-infection),
987,-10,23,22.91,6,6,14,C,33,07-May,Female,1,478,478,Yes,,
988,-10,23,22.91,6,6,15,C,33,07-May,Female,1,725,725,Yes,,
989,C,23,22.91,0,0,5,C,33,07-May,Female,1,173,173,Yes,,
990,C,23,22.91,0,0,6,C,33,07-May,Female,1,3,3,Yes,Natural death,
991,0,23,22.91,3,3,11,C,33,07-May,Female,1,209,209,Yes,,
992,0,23,22.91,3,3,12,C,33,07-May,Female,1,232,232,Yes,,
993,0,23,22.91,3,3,13,C,33,07-May,Female,1,238,238,Yes,Natural death,
994,0,23,22.91,3,3,14,C,33,07-May,Female,1,348,348,Yes,Natural death,
995,0,23,22.91,3,3,15,C,32,06-May,Female,1,113,113,Yes,Natural death,
996,0,23,22.91,3,6,11,C,33,07-May,Female,1,139,139,Yes,,
997,0,23,22.91,3,6,12,C,33,07-May,Female,1,144,144,Yes,Natural death,
998,0,23,22.91,3,6,13,C,33,07-May,Female,1,282,282,Yes,Natural death,
999,0,23,22.91,3,6,14,C,33,07-May,Female,1,243,243,Yes,,
1000,0,23,22.91,3,6,15,C,32,06-May,Female,1,,,Yes,Natural death - spores burst,
1001,0,23,22.91,6,3,11,C,33,07-May,Female,0,,0,Yes,,
1002,0,23,22.91,6,3,12,C,33,07-May,Female,0,,0,Yes,Natural death,
1003,0,23,22.91,6,3,13,C,33,07-May,Female,0,,0,Yes,,
1004,0,23,22.91,6,3,14,C,33,07-May,Female,0,,0,Yes,,
1005,0,23,22.91,6,3,15,C,33,07-May,Female,0,,0,Yes,,
1006,0,23,22.91,6,6,11,C,33,07-May,Female,0,,0,Yes,,
1007,0,23,22.91,6,6,12,C,8,12-Apr,Female,0,,0,No ,Natural death,
1008,0,23,22.91,6,6,13,C,33,07-May,Female,0,,0,Yes,,
1009,0,23,22.91,6,6,14,C,33,07-May,Female,0,,0,Yes,,
1010,0,23,22.91,6,6,15,C,33,07-May,Female,0,,0,Yes,,
1011,C,23,22.91,0,0,5,C,33,07-May,Female,1,748,748,Yes,,
1012,C,23,22.91,0,0,6,C,33,07-May,Female,1,93,93,Yes,,
1013,10,23,22.91,3,3,11,C,26,30-Apr,Female,1,183,183,Yes,Natural death,
1014,10,23,22.91,3,3,12,C,33,07-May,Female,0,,0,Yes,Natural death,
1015,10,23,22.91,3,3,13,C,31,05-May,Female,1,600,600,Yes,Natural death,
1016,10,23,22.91,3,3,14,C,31,05-May,Female,1,48,48,Yes,Natural death,
1017,10,23,22.91,3,3,15,C,31,05-May,Female,1,169,169,Yes,Natural death,
1018,10,23,22.91,3,6,11,C,32,06-May,Female,1,178,178,Yes,Natural death,
1019,10,23,22.91,3,6,12,C,31,05-May,Female,1,1320,1320,Yes,Natural death,
1020,10,23,22.91,3,6,13,C,32,06-May,Female,1,44,44,Yes,Natural death,
1021,10,23,22.91,3,6,14,C,34,08-May,Female,1,58,58,Yes,,
1022,10,23,22.91,3,6,15,C,32,06-May,Female,1,283,283,Yes,Natural death,
1023,10,23,22.91,6,3,11,C,33,07-May,Female,0,,0,Yes,Natural death,
1024,10,23,22.91,6,3,12,C,32,06-May,Female,1,37,37,Yes,Natural death,
1025,10,23,22.91,6,3,13,C,32,06-May,Female,1,89,89,Yes,Natural death,
1026,10,23,22.91,6,3,14,C,34,08-May,Female,0,,0,Yes,,
1027,10,23,22.91,6,3,15,C,34,08-May,Female,0,,0,Yes,,
1028,10,23,22.91,6,6,11,C,34,08-May,Female,0,,0,Yes,,
1029,10,23,22.91,6,6,12,C,34,08-May,Female,0,,0,Yes,,
1030,10,23,22.91,6,6,13,C,34,08-May,Female,0,,0,Yes,,
1031,10,23,22.91,6,6,14,C,33,07-May,Female,0,,0,Yes,Natural death,
1032,10,23,22.91,6,6,15,C,34,08-May,Female,0,,0,Yes,,
1033,C,23,22.91,0,0,5,C,31,05-May,Female,1,163,163,Yes,Natural death,
1034,C,23,22.91,0,0,6,C,30,04-May,Female,1,489,489,Yes,Natural death,
1035,20,23,22.91,3,3,11,C,34,08-May,Female,1,453,453,Yes,,
1036,20,23,22.91,3,3,12,C,33,07-May,Female,1,1370,1370,Yes,Natural death,
1037,20,23,22.91,3,3,13,C,34,08-May,Female,1,366,366,Yes,,
1038,20,23,22.91,3,3,14,C,34,08-May,Female,1,290,290,Yes,,
1039,20,23,22.91,3,3,15,C,34,08-May,Female,1,160,160,Yes,,
1040,20,23,22.91,3,6,11,C,11,15-Apr,Female,0,,0,Yes,Natural death,
1041,20,23,22.91,3,6,12,C,23,27-Apr,Female,0,,0,Yes,Natural death,
1042,20,23,22.91,3,6,13,C,34,08-May,Female,1,27,27,Yes,,
1043,20,23,22.91,3,6,14,C,26,30-Apr,Female,0,,0,Yes,Natural death,
1044,20,23,22.91,3,6,15,C,34,08-May,Female,1,326,326,Yes,,
1045,20,23,22.91,6,3,11,C,34,08-May,Female,1,121,121,Yes,,
1046,20,23,22.91,6,3,12,C,34,08-May,Female,1,9,9,Yes,,
1047,20,23,22.91,6,3,13,C,30,04-May,Female,0,,0,Yes,Natural death,
1048,20,23,22.91,6,3,14,C,25,29-Apr,Female,0,,0,Yes,Natural death - one questionable one,
1049,20,23,22.91,6,3,15,C,34,08-May,Female,1,8,8,Yes,,
1050,20,23,22.91,6,6,11,C,15,19-Apr,Female,1,136,136,Yes,Natural death,
1051,20,23,22.91,6,6,12,C,34,08-May,Female,0,,0,Yes,,
1052,20,23,22.91,6,6,13,C,27,01-May,Female,0,,0,Yes,Natural death,
1053,20,23,22.91,6,6,14,C,21,25-Apr,Female,1,4,4,Yes,Natural death,
1054,20,23,22.91,6,6,15,C,34,08-May,Female,0,,0,Yes,,
1055,C,23,22.91,0,0,5,C,27,01-May,Female,NA,,,No ,Natural death - too much algae,
1056,C,23,22.91,0,0,6,C,34,08-May,Female,1,785,785,Yes,,
1057,C,26,25.93,0,0,1,A,31,05-May,Female,1,48,48,Yes,,
1058,C,26,25.93,0,0,2,A,-7,28-Mar,Female,NA,,,No ,Natural death (pre-infection),
1059,C,26,25.93,0,0,1,A,31,05-May,Female,1,30,30,Yes,,
1060,C,26,25.93,0,0,2,A,31,05-May,Female,1,36,36,Yes,,
1061,C,26,25.93,0,0,1,A,26,30-Apr,Female,1,5,5,Yes,Natural death,
1062,C,26,25.93,0,0,2,A,30,04-May,Female,0,,0,Yes,Natural death,
1063,C,26,25.93,0,0,1,A,30,04-May,Female,1,16,16,Yes,,
1064,C,26,25.93,0,0,2,A,27,01-May,Female,1,62,62,Yes,Natural death,
1065,C,26,25.98,0,0,3,B,8,12-Apr,Female,0,,0,No ,Natural death,
1066,C,26,25.98,0,0,4,B,-6,29-Mar,Female,NA,,,No ,Natural death (pre-infection),
1067,C,26,25.98,0,0,3,B,29,03-May,Female,1,11,11,Yes,Natural death,
1068,C,26,25.98,0,0,4,B,31,05-May,Female,0,,0,Yes,Natural death,
1069,C,26,25.98,0,0,3,B,16,20-Apr,Female,1,43,43,Yes,Natural death,
1070,C,26,25.98,0,0,4,B,8,12-Apr,Female,0,,0,No ,Natural death,
1071,C,26,25.98,0,0,3,B,9,13-Apr,Female,1,9,9,Yes,Natural death - decomposing ,
1072,C,26,25.98,0,0,4,B,31,05-May,Female,1,8,8,Yes,,
1073,C,26,25.93,0,0,5,C,-5,30-Mar,NA,0,,0,No ,Natural death (pre-infection),
1074,C,26,25.93,0,0,6,C,32,06-May,Female,1,9,9,Yes,Natural death,
1075,C,26,25.93,0,0,5,C,33,07-May,Female,1,,,Yes,Natural death - lobes unknown,
1076,C,26,25.93,0,0,6,C,33,07-May,Female,1,25,25,Yes,Natural death,
1077,C,26,25.93,0,0,5,C,32,06-May,Female,1,9,9,Yes,Natural death,
1078,C,26,25.93,0,0,6,C,15,19-Apr,Female,0,,0,Yes,Natural death,
1079,C,26,25.93,0,0,5,C,33,07-May,Female,1,34,34,Yes,Natural death,
1080,C,26,25.93,0,0,6,C,33,07-May,Female,1,29,29,Yes,Natural death,
1081,C,29,28.6,0,0,1,A,-8,27-Mar,NA,NA,,,No ,Nothing in jar (pre-infection),
1082,C,29,28.6,0,0,2,A,20,24-Apr,Female,0,,0,Yes,Natural death,
1083,C,29,28.6,0,0,1,A,25,29-Apr,Female,1,3,3,Yes,Natural death,
1084,C,29,28.6,0,0,2,A,21,25-Apr,Female,0,,0,Yes,Natural death,
1085,C,29,28.6,0,0,1,A,2,06-Apr,Female,0,,0,No ,Natural death,
1086,C,29,28.6,0,0,2,A,10,14-Apr,Female,0,,0,Yes,Natural death,
1087,C,29,28.6,0,0,1,A,8,12-Apr,Female,0,,0,No ,Natural death,
1088,C,29,28.6,0,0,2,A,28,02-May,Female,0,,0,Yes,,
1089,C,29,28.59,0,0,3,B,-4,31-Mar,NA,0,,0,No ,Natural death (pre-infection),
1090,C,29,28.59,0,0,4,B,29,03-May,NA,NA,,,No ,Nothing in jar,
1091,C,29,28.59,0,0,3,B,26,30-Apr,Female,0,,0,Yes,Natural death,
1092,C,29,28.59,0,0,4,B,17,21-Apr,Female,1,9,9,Yes,Natural death,
1093,C,29,28.59,0,0,3,B,13,17-Apr,Female,1,3,3,Yes,Natural death,
1094,C,29,28.59,0,0,4,B,9,13-Apr,Female,1,2,2,Yes,Natural death,
1095,C,29,28.59,0,0,3,B,-1,03-Apr,NA,0,,0,No ,Natural death (pre-infection),
1096,C,29,28.59,0,0,4,B,23,27-Apr,Female,NA,,,No ,Natural death - too decomposed to tell,
1097,C,29,28.48,0,0,5,C,-8,27-Mar,NA,0,,0,No ,Nothing in jar (pre-infection),
1098,C,29,28.48,0,0,6,C,-8,27-Mar,NA,0,,0,No ,Nothing in jar (pre-infection),
1099,C,29,28.48,0,0,5,C,13,17-Apr,Female,1,8,8,Yes,Natural death,
1100,C,29,28.48,0,0,6,C,14,18-Apr,Female,1,4,4,Yes,Natural death,
1101,C,29,28.48,0,0,5,C,3,07-Apr,Female,0,,0,No ,Natural death,
1102,C,29,28.48,0,0,6,C,30,04-May,Female,0,,0,Yes,,
1103,C,29,28.48,0,0,5,C,2,06-Apr,Female,0,,0,No ,Natural death,
1104,C,29,28.48,0,0,6,C,4,08-Apr,Female,0,,0,No ,Natural death,
1105,-10,14,14.36,No Inf,No Inf,1,A,28,02-May,Female,0,,0,No ,,
1106,0,14,14.36,No Inf,No Inf,1,A,29,03-May,Female,0,,0,No ,,
1107,10,14,14.36,No Inf,No Inf,1,A,28,02-May,Female,0,,0,No ,,
1108,20,14,14.36,No Inf,No Inf,1,A,29,03-May,Female,0,,0,No ,,
1109,-10,14,14.04,No Inf,No Inf,2,B,30,04-May,Female,0,,0,No ,,
1110,0,14,14.04,No Inf,No Inf,2,B,14,18-Apr,Female,0,,0,No ,Unnatural death,
1111,10,14,14.04,No Inf,No Inf,2,B,32,06-May,Female,0,,0,No ,,
1112,20,14,14.04,No Inf,No Inf,2,B,30,04-May,Female,0,,0,No ,,
1113,-10,14,14.05,No Inf,No Inf,3,C,34,08-May,Female,0,,0,No ,,
1114,0,14,14.05,No Inf,No Inf,3,C,34,08-May,Female,0,,0,No ,,
1115,10,14,14.05,No Inf,No Inf,3,C,33,07-May,Female,0,,0,No ,,
1116,20,14,14.05,No Inf,No Inf,3,C,33,07-May,Female,0,,0,No ,,
1117,-10,17,16.98,No Inf,No Inf,1,A,29,03-May,Female,0,,0,No ,,
1118,0,17,16.98,No Inf,No Inf,1,A,29,03-May,Female,0,,0,No ,,
1119,10,17,16.98,No Inf,No Inf,1,A,30,04-May,Female,0,,0,No ,,
1120,20,17,16.98,No Inf,No Inf,1,A,30,04-May,Female,0,,0,No ,,
1121,-10,17,17,No Inf,No Inf,2,B,29,03-May,Female,0,,0,No ,,
1122,0,17,17,No Inf,No Inf,2,B,31,05-May,Female,0,,0,No ,,
1123,10,17,17,No Inf,No Inf,2,B,31,05-May,Female,0,,0,No ,,
1124,20,17,17,No Inf,No Inf,2,B,30,04-May,Female,0,,0,No ,,
1125,-10,17,17.11,No Inf,No Inf,3,C,-8,27-Mar,NA,0,,0,No ,Nothing in jar (pre-infection),
1126,0,17,17.11,No Inf,No Inf,3,C,33,07-May,Female,0,,0,No ,,
1127,10,17,17.11,No Inf,No Inf,3,C,34,08-May,Female,0,,0,No ,,
1128,20,17,17.11,No Inf,No Inf,3,C,32,06-May,Female,0,,0,No ,,
1129,-10,20,20,No Inf,No Inf,1,A,31,05-May,Female,0,,0,No ,,
1130,0,20,20,No Inf,No Inf,1,A,32,06-May,Female,0,,0,No ,Picked up off floor - assumed match,
1131,10,20,20,No Inf,No Inf,1,A,30,04-May,Female,0,,0,No ,,
1132,20,20,20,No Inf,No Inf,1,A,31,05-May,Female,0,,0,No ,,
1133,-10,20,20,No Inf,No Inf,2,B,29,03-May,Female,0,,0,No ,,
1134,0,20,20,No Inf,No Inf,2,B,29,03-May,Female,0,,0,No ,,
1135,10,20,20,No Inf,No Inf,2,B,32,06-May,Female,0,,0,No ,,
1136,20,20,20,No Inf,No Inf,2,B,28,02-May,Female,0,,0,No ,,
1137,-10,20,20.1,No Inf,No Inf,3,C,33,07-May,Female,0,,0,No ,,
1138,0,20,20.1,No Inf,No Inf,3,C,33,07-May,Female,0,,0,No ,Natural death,
1139,10,20,20.1,No Inf,No Inf,3,C,31,05-May,Female,0,,0,No ,,
1140,20,20,20.1,No Inf,No Inf,3,C,34,08-May,Female,0,,0,No ,,
1141,-10,23,23,No Inf,No Inf,1,A,30,04-May,Female,0,,0,No ,,
1142,0,23,23,No Inf,No Inf,1,A,30,04-May,Female,0,,0,No ,,
1143,10,23,23,No Inf,No Inf,1,A,31,05-May,Female,0,,0,No ,,
1144,20,23,23,No Inf,No Inf,1,A,30,04-May,Female,0,,0,No ,,
1145,-10,23,22.94,No Inf,No Inf,2,B,-5,30-Mar,NA,0,,0,No ,Natural death (pre-infection),
1146,0,23,22.94,No Inf,No Inf,2,B,30,04-May,Female,0,,0,No ,,
1147,10,23,22.94,No Inf,No Inf,2,B,29,03-May,Female,0,,0,No ,,
1148,20,23,22.94,No Inf,No Inf,2,B,30,04-May,Female,0,,0,No ,,
1149,-10,23,22.91,No Inf,No Inf,3,C,33,07-May,Female,0,,0,No ,,
1150,0,23,22.91,No Inf,No Inf,3,C,33,07-May,Female,0,,0,No ,,
1151,10,23,22.91,No Inf,No Inf,3,C,32,06-May,Female,0,,0,No ,,
1152,20,23,22.91,No Inf,No Inf,3,C,34,08-May,Female,0,,0,No ,,
1153,-10,26,25.93,No Inf,No Inf,1,A,24,28-Apr,Female,0,,0,No ,Natural death,
1154,0,26,25.93,No Inf,No Inf,1,A,6,10-Apr,Female,0,,0,No ,Natural death,
1155,10,26,25.93,No Inf,No Inf,1,A,31,05-May,Female,0,,0,No ,,
1156,20,26,25.93,No Inf,No Inf,1,A,30,04-May,Female,0,,0,No ,,
1157,-10,26,25.98,No Inf,No Inf,2,B,31,05-May,Female,0,,0,No ,Natural death,
1158,0,26,25.98,No Inf,No Inf,2,B,31,05-May,Female,0,,0,No ,Natural death,
1159,10,26,25.98,No Inf,No Inf,2,B,31,05-May,Female,0,,0,No ,Natural death,
1160,20,26,25.98,No Inf,No Inf,2,B,31,05-May,Female,0,,0,No ,,
1161,-10,26,25.93,No Inf,No Inf,3,C,33,07-May,Female,0,,0,No ,Natural death,
1162,0,26,25.93,No Inf,No Inf,3,C,33,07-May,NA,NA,,,No ,Nothing in jar,
1163,10,26,25.93,No Inf,No Inf,3,C,29,03-May,Female,0,,0,No ,,
1164,20,26,25.93,No Inf,No Inf,3,C,33,07-May,Female,0,,0,No ,,
1165,-10,29,28.6,No Inf,No Inf,1,A,-8,27-Mar,NA,0,,0,No ,Nothing in jar (pre-infection),
1166,0,29,28.6,No Inf,No Inf,1,A,18,22-Apr,Female,0,,0,No ,Natural death,
1167,10,29,28.6,No Inf,No Inf,1,A,16,20-Apr,Female,0,,0,No ,Natural death,
1168,20,29,28.6,No Inf,No Inf,1,A,23,27-Apr,Female,0,,0,No ,Natural death,
1169,-10,29,28.59,No Inf,No Inf,2,B,-8,27-Mar,NA,0,,0,No ,Nothing in jar (pre-infection),
1170,0,29,28.59,No Inf,No Inf,2,B,3,07-Apr,Female,0,,0,No ,Natural death,
1171,10,29,28.59,No Inf,No Inf,2,B,11,15-Apr,Female,0,,0,No ,Natural death,
1172,20,29,28.59,No Inf,No Inf,2,B,3,07-Apr,Female,0,,0,No ,Natural death,
1173,-10,29,28.48,No Inf,No Inf,3,C,-8,27-Mar,NA,0,,0,No ,Nothing in jar (pre-infection),
1174,0,29,28.48,No Inf,No Inf,3,C,9,13-Apr,Female,0,,0,No ,Natural death,
1175,10,29,28.48,No Inf,No Inf,3,C,30,04-May,Female,0,,0,No ,,
1176,20,29,28.48,No Inf,No Inf,3,C,14,18-Apr,Female,0,,0,No ,Natural death,